cluster,doy,mean_cumulative_percent,se_cumulative_percent,sd_cumulative_percent,n_years
Cluster 1,152,0.8370837616369347,0.8370837616369348,1.4498716053460463,3
Cluster 1,153,0,0,0,2
Cluster 1,155,2.290144265235156,0.14549333350289695,0.2520018457895806,3
Cluster 1,156,0.9662463815650639,0.05580201778996008,0.07891597036634627,2
Cluster 1,158,4.304551021875206,1.489882156666531,2.979764313333062,4
Cluster 1,159,10.145725028600072,5.34289384223679,7.555992934010964,2
Cluster 1,161,12.354450636765309,4.403620281478739,8.807240562957478,4
Cluster 1,162,43.0134287203712,9.048953739902238,12.797153104256486,2
Cluster 1,164,27.055532166019134,8.305590025445557,16.611180050891114,4
Cluster 1,165,47.836761659427665,7.160688479226553,10.126742763250965,2
Cluster 1,167,43.49325260428381,10.556719304258515,21.11343860851703,4
Cluster 1,168,58.706716930752144,8.71588226927401,12.326118913254495,2
Cluster 1,170,49.99100901377055,11.664537212341434,23.32907442468287,4
Cluster 1,171,70.0926577155627,6.858810812326261,9.699823272543025,2
Cluster 1,173,61.576682317051635,10.647292836440911,21.294585672881823,4
Cluster 1,174,77.30684194060481,9.617945080495254,13.601828374995979,2
Cluster 1,176,70.19526261541839,8.51244333230212,17.02488666460424,4
Cluster 1,177,81.6932383498846,7.97613205667416,11.279954129827406,2
Cluster 1,179,81.42027231922025,7.577858590901675,15.15571718180335,4
Cluster 1,180,84.92205518662834,7.8745558586386215,11.136303692951252,2
Cluster 1,182,89.88989178543417,5.483901576283845,10.96780315256769,4
Cluster 1,183,90.08465366734907,3.2273548540469927,4.564169005183898,2
Cluster 1,185,92.76624737594062,3.518949408123974,7.037898816247948,4
Cluster 1,186,92.69986390351883,1.2837925927447813,1.8155568959337893,2
Cluster 1,188,93.31355407686257,4.615071600155134,7.9935384920368895,3
Cluster 1,189,94.39392570636707,2.083669963943123,2.9467543225178225,2
Cluster 1,191,95.09576085001639,3.7003046601107847,6.409115674795764,3
Cluster 1,192,97.40157578496047,1.4877398087642604,2.103981814836772,2
Cluster 1,194,97.07207982776059,2.756504647480148,4.774406100735353,3
Cluster 1,195,99.44381738831312,0.5561826116868785,0.7865609926036724,2
Cluster 1,197,98.464825644235475,1.3656111740658994,2.3653079368659236,3
Cluster 1,198,99.72581516904276,0.274184830957239,0.4749020578826219,3
Cluster 1,200,99.82676945288381,0.17323054711615526,0.24498498914897823,2
Cluster 1,201,100.00000000000003,NA,NA,1
Cluster 1,203,99.99999999999999,NA,NA,1
Cluster 2,152,0.7088099453964767,0.46206410761255584,0.8003185107389199,3
Cluster 2,153,0.09333982773076484,0.09333982773076482,0.13200245028641594,2
Cluster 2,155,2.1192015360655203,1.0760741863719412,1.8638151635095432,3
Cluster 2,156,1.5970832748019554,0.5280501767932048,0.7467757216344608,2
Cluster 2,158,5.824867105992393,2.6339499469282868,5.2678998938565735,4
Cluster 2,159,8.129189878119423,0.7076598239160368,1.0007821205286156,2
Cluster 2,161,12.584458505310138,5.88275894952767,11.76551789905534,4
Cluster 2,162,21.33989218994254,3.8617640332181096,5.461359070461675,2
Cluster 2,164,21.47235506432099,7.334412976450756,14.668825952901512,4
Cluster 2,165,27.814861545680312,6.6454022309298715,9.398017962405447,2
Cluster 2,167,33.08192940223397,8.69576517667037,17.39153035334074,4
Cluster 2,168,35.76182526232971,5.6243069981128055,7.953971235681039,2
Cluster 2,170,41.6017402496781,9.42993965498447,18.85987930996894,4
Cluster 2,171,45.55154883657953,5.449948714854582,7.7073913867851696,2
Cluster 2,173,54.786959657456414,8.990132341205477,17.980264682410954,4
Cluster 2,174,55.23737588123335,6.203476949423873,8.773041235744117,2
Cluster 2,176,70.5573928927687,6.086452652647097,12.172905305294194,4
Cluster 2,177,63.11040744856059,6.805347053283696,9.624214099409581,2
Cluster 2,179,81.35530357708947,4.654477457197371,9.308954914394741,4
Cluster 2,180,73.79349816991825,7.9119409604315,11.18917421093744,2
Cluster 2,182,89.21938530336875,4.115518588589284,8.231037177178568,4
Cluster 2,183,79.55614497608528,5.534496253252897,7.826959662253326,2
Cluster 2,185,93.42593228279283,2.921293676980337,5.842587353960674,4
Cluster 2,186,83.78434886056252,3.3864267663857315,4.7891306610059665,2
Cluster 2,188,94.07778244096647,1.97126216868696,3.4143262312042255,3
Cluster 2,189,87.78832238327122,3.2465855199207563,4.59136527367604,2
Cluster 2,191,96.80999446379961,1.3293622027510463,2.302522876826491,3
Cluster 2,192,94.15305608399802,1.7772614254182173,2.513427211708982,2
Cluster 2,194,98.13050612535899,0.968707296588235,1.6778502553535162,3
Cluster 2,195,98.00212801893825,1.6719359011658383,2.3644744268472113,2
Cluster 2,197,99.20231244233766,0.40513968084250807,0.7017225113814632,3
Cluster 2,198,99.3314628789136,0.6685371210864162,1.1579402604674993,3
Cluster 2,200,99.57979865577309,0.4202013442269319,0.5942544399331325,2
Cluster 2,201,100.00000000000003,NA,NA,1
Cluster 2,203,100,NA,NA,1
Cluster 3,152,0.36150126756586115,0.1448907310545417,0.25095810773226396,3
Cluster 3,153,0.3693233069655423,0.19622463748930752,0.27750354360912277,2
Cluster 3,155,1.1404673479110308,0.6924485546262746,1.1993560782403407,3
Cluster 3,156,1.023212434786714,0.34175101357623566,0.4833089183542642,2
Cluster 3,158,3.5140780080222456,1.4371784249121622,2.8743568498243244,4
Cluster 3,159,2.9788084492069187,0.48635820492054166,0.687814369570063,2
Cluster 3,161,7.405672250292529,3.9207611174057053,7.841522234811411,4
Cluster 3,162,10.236764170365596,1.3283540127074902,1.8785762604036553,2
Cluster 3,164,13.891231517825005,4.370502700596919,8.741005401193839,4
Cluster 3,165,15.056718663894314,3.5756152455727293,5.056683574116959,2
Cluster 3,167,21.537471201447214,4.954188213190153,9.908376426380306,4
Cluster 3,168,20.566873941944024,2.6263479158477363,3.714216842102181,2
Cluster 3,170,30.50715691470061,5.511696710065932,11.023393420131864,4
Cluster 3,171,28.195424560309633,3.195277488632898,4.518804759970088,2
Cluster 3,173,43.2125503900066,6.991401303756321,13.982802607512642,4
Cluster 3,174,37.898718967427016,3.4458625834253307,4.873185599554094,2
Cluster 3,176,58.823999246708524,6.687259432444553,13.374518864889106,4
Cluster 3,177,46.232809471894605,4.250298117199903,6.010829241472934,2
Cluster 3,179,73.22579684607737,6.243025358067783,12.486050716135566,4
Cluster 3,180,62.48851415427775,6.258106867745795,8.850299607146313,2
Cluster 3,182,83.5785060875696,5.602873697301947,11.205747394603893,4
Cluster 3,183,71.38436564478691,7.5946866196527045,10.740508819486331,2
Cluster 3,185,88.16246413118733,4.423853968314319,8.847707936628638,4
Cluster 3,186,78.00186900395096,5.329252949535643,7.536701798550126,2
Cluster 3,188,89.15894225851746,2.633249908571265,4.560922630671532,3
Cluster 3,189,83.31745674827513,4.265307911861313,6.032056296651535,2
Cluster 3,191,93.75274133229587,2.2533301107937347,3.9028822381195556,3
Cluster 3,192,90.0268387030693,3.5453397591644205,5.013867570630886,2
Cluster 3,194,96.45089630439793,1.2386645938362537,2.1454300100610584,3
Cluster 3,195,95.52067793995025,2.0061397902054736,2.8371100993248963,2
Cluster 3,197,97.93302146023207,0.7962170957954124,1.3790884637725902,3
Cluster 3,198,99.34989246462442,0.6501075353755775,1.1260192816538814,3
Cluster 3,200,99.41634077658772,0.5836592234122833,0.8254187895537993,2
Cluster 3,201,100,NA,NA,1
Cluster 3,203,100,NA,NA,1
Cluster 4,152,0.3338350078107945,0.287822551329606,0.49852328246697863,3
Cluster 4,153,0.6974938202149417,0.6032972725630615,0.8531911850013795,2
Cluster 4,155,0.9911970205800611,0.4888102559519067,0.8466441985694495,3
Cluster 4,156,0.900121640363084,0.42565933683668955,0.601973207105184,2
Cluster 4,158,2.862909303199153,1.0561387783001859,2.1122775566003718,4
Cluster 4,159,1.506537236729483,0.7538707348003311,1.066134217430799,2
Cluster 4,161,5.442541450898575,2.4673345698961673,4.934669139792335,4
Cluster 4,162,5.99202431722232,1.5638073558192556,2.2115575715383997,2
Cluster 4,164,10.246661031743699,3.5496449697590178,7.0992899395180356,4
Cluster 4,165,10.277993563737075,2.897596543663207,4.097820330333912,2
Cluster 4,167,16.85637877300571,3.674829995487233,7.349659990974466,4
Cluster 4,168,13.466746271587175,2.9388707598306905,4.156190886614286,2
Cluster 4,170,27.026814254819605,3.6260339679944233,7.252067935988847,4
Cluster 4,171,21.669402644112886,4.713417341840845,6.665778729955866,2
Cluster 4,173,38.509959339157504,5.6663961040717075,11.332792208143415,4
Cluster 4,174,31.03203114467339,3.6287901101529036,5.131884188783594,2
Cluster 4,176,57.877584807301,6.5622096912433205,13.124419382486641,4
Cluster 4,177,40.40931325318914,4.138461148297022,5.852667883275782,2
Cluster 4,179,72.46274023568559,6.5045228427695685,13.009045685539137,4
Cluster 4,180,59.838974382267814,8.04797311932952,11.38155273496991,2
Cluster 4,182,83.45345627140836,5.588223941650614,11.176447883301227,4
Cluster 4,183,67.0443686621826,11.103433599760475,15.70262638569038,2
Cluster 4,185,88.1648779269204,4.472285574688176,8.944571149376351,4
Cluster 4,186,74.64514239357032,8.303913220333683,11.743506696965138,2
Cluster 4,188,89.6258945464067,2.9259789967576126,5.0679442842635964,3
Cluster 4,189,79.37120084005147,5.9731076557972855,8.447249856343086,2
Cluster 4,191,93.93397336836166,2.237054323189652,3.874691747056085,3
Cluster 4,192,87.38684234776397,3.3973762867125,4.8046156211535624,2
Cluster 4,194,96.22088218345932,1.2255336679956659,2.1226865793547414,3
Cluster 4,195,96.04412295916077,1.4392964614432202,2.0354725760486065,2
Cluster 4,197,97.81430684344912,1.0437458903501744,1.8078209122777165,3
Cluster 4,198,99.78386415701152,0.21613584298848804,0.37435826139279077,3
Cluster 4,200,99.79382518460142,0.20617481539858318,0.2915752201564456,2
Cluster 4,201,100.00000000000003,NA,NA,1
Cluster 4,203,100.00000000000003,NA,NA,1
Cluster 5,152,0.18355602394336482,0.10757717669910759,0.1863291357776691,3
Cluster 5,153,0.7940985917991605,0.46159618659271917,0.6527955874191254,2
Cluster 5,155,0.8095089163387791,0.5089711030561306,0.8815638100775932,3
Cluster 5,156,1.1012693452324256,0.742266630058819,1.0497235351261547,2
Cluster 5,158,1.9753877367552137,0.708910884400645,1.41782176880129,4
Cluster 5,159,2.404090274761136,0.357328504940761,0.5053388179097258,2
Cluster 5,161,5.608513566413747,2.9553125474649145,5.910625094929829,4
Cluster 5,162,7.260360467806862,2.569077532238582,3.633224288879805,2
Cluster 5,164,11.72037437278321,2.942189412958613,5.884378825917226,4
Cluster 5,165,10.558360555602967,2.1441900581298894,3.0323426605128447,2
Cluster 5,167,15.836580148036385,3.0642335134374346,6.128467026874869,4
Cluster 5,168,15.26027005746531,2.587073321996637,3.658674178821262,2
Cluster 5,170,23.62557538441592,3.8502442749328547,7.700488549865709,4
Cluster 5,171,21.37614437067257,0.618187164264869,0.8742486717883421,2
Cluster 5,173,37.88536631771617,8.159609066016387,16.319218132032773,4
Cluster 5,174,36.23732506945255,5.14119816563932,7.270752172694805,2
Cluster 5,176,52.212325871412446,7.543212441155333,15.086424882310666,4
Cluster 5,177,42.922679869748066,4.793379312045313,6.778862032693098,2
Cluster 5,179,68.35930411541733,6.853265895618247,13.706531791236493,4
Cluster 5,180,58.08934803626453,4.178178462527704,5.908836647721846,2
Cluster 5,182,80.4710153569553,6.716414671378299,13.432829342756598,4
Cluster 5,183,70.9234947709163,0.48407810742131113,0.6845898247631182,2
Cluster 5,185,85.59584782366638,5.158976930780118,10.317953861560236,4
Cluster 5,186,77.05382855900547,0.08455122957895611,0.11957349558588093,2
Cluster 5,188,86.40290688734905,2.9878631429869538,5.175130769715837,3
Cluster 5,189,83.00038840189248,0.917382488132759,1.2973747566009228,2
Cluster 5,191,91.37715285374033,2.960294621723057,5.127380690197224,3
Cluster 5,192,89.0672417760237,2.2681728189210513,3.2076807623241654,2
Cluster 5,194,95.13606522276866,1.520259151222095,2.6331660905882055,3
Cluster 5,195,93.56424661090935,0.9574997630790989,1.354109150915487,2
Cluster 5,197,97.68225253045458,0.43791719975392807,0.7584948394820924,3
Cluster 5,198,99.42126615425893,0.578733845741084,1.0023964248832866,3
Cluster 5,200,99.50641822753104,0.49358177246895707,0.6980300367657503,2
Cluster 5,201,100.00000000000003,NA,NA,1
Cluster 5,203,100.00000000000003,NA,NA,1
Cluster 6,152,0.18533209322432626,0.18533209322432626,0.32100460173762474,3
Cluster 6,153,0.4047255543505113,0.3023853962491583,0.4276375284391221,2
Cluster 6,155,0.4822803468450636,0.2512291789321922,0.43514170225436943,3
Cluster 6,156,1.4436296158748698,1.3412894577735166,1.896869742251362,2
Cluster 6,158,1.0895917251452,0.4177723330400885,0.835544666080177,4
Cluster 6,159,2.385139407371194,0.3997796662771927,0.5653738260101958,2
Cluster 6,161,4.437259081695459,2.660533022799705,5.32106604559941,4
Cluster 6,162,7.827256808395651,3.813528529859317,5.393143767423777,2
Cluster 6,164,9.168406621179063,2.3940826490617724,4.788165298123545,4
Cluster 6,165,11.399055211254696,3.913541163842365,5.53458299081126,2
Cluster 6,167,13.418059478522599,2.477771459411485,4.95554291882297,4
Cluster 6,168,16.038945990086717,6.7044424452082945,9.481513434163407,2
Cluster 6,170,21.11456982017765,3.5116955710012894,7.023391142002579,4
Cluster 6,171,21.022372616248454,4.158482387129734,5.880982190768513,2
Cluster 6,173,35.329070972998984,7.807354113941751,15.614708227883503,4
Cluster 6,174,32.411442380074554,4.9916891321578,7.059314469847946,2
Cluster 6,176,47.69120214289849,7.5906755227414155,15.181351045482831,4
Cluster 6,177,39.54351195102477,3.8988152671641347,5.513757428010802,2
Cluster 6,179,64.53393074585665,7.211139860648201,14.422279721296402,4
Cluster 6,180,53.345718405810814,0.6345049489503686,0.8973255041984597,2
Cluster 6,182,77.53049978517484,7.379655297514529,14.759310595029058,4
Cluster 6,183,65.57903147949284,1.8656053233421763,2.6383643503059493,2
Cluster 6,185,83.83866218991727,6.166420178904657,12.332840357809314,4
Cluster 6,186,73.10717967043811,1.9183751426138043,2.7129921444038625,2
Cluster 6,188,84.75331150950122,4.116652070315203,7.130250542869537,3
Cluster 6,189,80.94917788001862,2.57003847422839,3.6345832660744457,2
Cluster 6,191,90.5290847018291,4.250107660646366,7.361402405877209,3
Cluster 6,192,88.0343818011882,3.8281603068326144,5.413836224861033,2
Cluster 6,194,95.35088373662977,1.8910613582459992,3.2754143527122808,3
Cluster 6,195,91.73004763180495,2.6364837046096454,3.7285510120346217,2
Cluster 6,197,97.35076636371974,0.7794701038032029,1.3500818227681342,3
Cluster 6,198,98.67259232916372,1.3274076708362659,2.2991375282450766,3
Cluster 6,200,99.21691944992304,0.78308055007696,1.1074431343494204,2
Cluster 6,201,100,NA,NA,1
Cluster 6,203,100.00000000000003,NA,NA,1
