"fish_id","top_mgmt_unit","pct_in_top_unit","total_assignment","n_units_assigned","year","watershed"
1,"Aniak",24.997069241739,3618.85438076573,10,2017,"Kusko"
2,"Swift",30.4131007696145,854.725589419383,8,2017,"Kusko"
3,"Hoholitna",24.6215237265786,2521.95312042057,14,2017,"Kusko"
4,"Big River",26.9953868784983,2056.28475979422,11,2017,"Kusko"
5,"Middle Kusko Main",23.2384539273043,2110.06549552017,11,2017,"Kusko"
6,"Swift",28.3902249415334,353.632296382809,7,2017,"Kusko"
7,"Aniak",24.9341144843522,1914.71218223993,10,2017,"Kusko"
8,"Hoholitna",20.4688493673571,2176.22325189895,15,2017,"Kusko"
9,"Takotna and Nixon Fork",19.872067723604,1961.08117445968,13,2017,"Kusko"
10,"Kisaralik",24.9073364016686,1671.70525962418,14,2017,"Kusko"
11,"Stony",20.4588549394286,1754.26037646491,13,2017,"Kusko"
12,"Stony",20.1096973842048,1757.72445645525,14,2017,"Kusko"
13,"E. Fork Kuskokwim",39.657392663865,237.479340685317,5,2017,"Kusko"
14,"Big River",26.7620137349501,2114.1569306941,11,2017,"Kusko"
15,"Hoholitna",24.777391997548,2597.52330470052,14,2017,"Kusko"
16,"Big River",25.846092015407,2684.77287424092,13,2017,"Kusko"
17,"Kwethluk",47.4458661100428,1190.1380033394,9,2017,"Kusko"
18,"Big River",20.6189611403697,2368.16211381819,14,2017,"Kusko"
19,"Big River",26.6357579890611,2662.71862104543,13,2017,"Kusko"
20,"Stony",20.7109871295265,2148.2221708248,14,2017,"Kusko"
21,"Aniak",30.6265401561527,1422.72754767165,10,2017,"Kusko"
22,"Big River",21.6334090053758,1859.48321533298,14,2017,"Kusko"
23,"Holitna",25.4556492910599,2758.51179608578,13,2017,"Kusko"
24,"E. Fork Kuskokwim",50.5681513852852,171.906085805167,3,2017,"Kusko"
25,"Kisaralik",24.6080862748563,1551.63355799237,14,2017,"Kusko"
26,"Big River",27.0153478627163,2035.51478381727,11,2017,"Kusko"
27,"Holitna",21.2774363001005,2526.26517794685,12,2017,"Kusko"
28,"Kisaralik",23.5074902059154,1639.49348697361,14,2017,"Kusko"
29,"Big River",19.0018418930596,1857.86434651142,14,2017,"Kusko"
30,"Kwethluk",47.4403670405497,907.007258645976,9,2017,"Kusko"
31,"Big River",25.1711157871864,2070.32018001222,13,2017,"Kusko"
32,"Takotna and Nixon Fork",18.9659318888105,1657.4410931598,13,2017,"Kusko"
33,"Aniak",34.6727810335111,1125.64335136749,10,2017,"Kusko"
34,"Aniak",36.349226694457,1130.99583619218,10,2017,"Kusko"
35,"Holitna",20.1152833702354,2010.42368909164,12,2017,"Kusko"
36,"Holitna",24.7920719534322,2641.6235839521,12,2017,"Kusko"
37,"Kisaralik",29.4643209808641,1611.71294672726,12,2017,"Kusko"
38,"Hoholitna",21.5581341748934,2022.7187236701,15,2017,"Kusko"
39,"Aniak",25.0382596358483,1695.47259435458,10,2017,"Kusko"
40,"Kwethluk",33.0141894821725,1128.9157988751,10,2017,"Kusko"
41,"Aniak",33.7725160498318,1140.03041277275,10,2017,"Kusko"
42,"Big River",26.8438168345184,2002.47275476349,13,2017,"Kusko"
43,"Aniak",23.8786101287695,1758.60424427782,10,2017,"Kusko"
44,"Holitna",25.174978490552,2660.22076565446,12,2017,"Kusko"
45,"Holitna",24.7091424174981,2652.36577466151,13,2017,"Kusko"
46,"Hoholitna",22.8051927018129,2128.90125375361,15,2017,"Kusko"
47,"Aniak",27.002003164848,1571.9796054417,10,2017,"Kusko"
48,"Kwethluk",36.478237978244,1100.35310508735,10,2017,"Kusko"
49,"Big River",24.5322566364977,2135.68281444244,13,2017,"Kusko"
50,"Stony",19.9060863468756,1779.2011866057,14,2017,"Kusko"
51,"Holitna",25.146415258224,2826.77923284457,12,2017,"Kusko"
52,"Holitna",24.9867366083833,2872.79742127846,13,2017,"Kusko"
53,"Swift",26.6179869934038,1566.20654179182,10,2017,"Kusko"
54,"Aniak",30.8232443860408,1466.77232298368,10,2017,"Kusko"
55,"Swift",28.5238768369975,1398.67413655212,10,2017,"Kusko"
56,"Stony",20.9615049900117,1917.78214918491,12,2017,"Kusko"
57,"Aniak",22.6452201051958,2129.04512876891,10,2017,"Kusko"
58,"Aniak",22.0628677842692,2113.73637280693,10,2017,"Kusko"
59,"Aniak",28.0219272540663,1786.56136972218,10,2017,"Kusko"
60,"Holitna",24.4942764755656,3084.97748209295,12,2017,"Kusko"
61,"Swift",28.4178956758654,1445.0122472968,10,2017,"Kusko"
62,"Kisaralik",20.5337378295856,2032.07737241473,15,2017,"Kusko"
63,"Holitna",25.4212850175507,3181.09464895921,13,2017,"Kusko"
64,"Aniak",21.4217619866943,2118.88167514838,10,2017,"Kusko"
65,"Kwethluk",50.992788151901,1126.40267962361,9,2017,"Kusko"
66,"Takotna and Nixon Fork",19.912435653321,2343.10626278648,13,2017,"Kusko"
67,"Big River",23.9458364841972,2536.72864005143,13,2017,"Kusko"
68,"Swift",26.381842053828,2017.67544704557,10,2017,"Kusko"
69,"Kisaralik",19.7281972441393,2315.31561154236,15,2017,"Kusko"
70,"N. Fork Kusko",100,10.9776948974121,1,2017,"Kusko"
71,"Aniak",34.5132342195694,1628.34678450947,10,2017,"Kusko"
72,"Swift",29.1210936098419,1688.81744748972,10,2017,"Kusko"
73,"Big River",27.0349453811823,2616.16243640017,11,2017,"Kusko"
74,"Middle Kusko Main",22.7374975940309,1987.63908947247,11,2017,"Kusko"
75,"Big River",24.2977378306724,2117.59316771775,13,2017,"Kusko"
76,"Big River",26.9926893630546,2141.24332298443,13,2017,"Kusko"
77,"Big River",26.5551205752918,2187.89242780132,13,2017,"Kusko"
78,"Big River",23.9077724855694,2068.23461841004,13,2017,"Kusko"
79,"Big River",25.7613029867007,1911.33172182273,11,2017,"Kusko"
80,"Big River",24.3189941562379,2118.4863144308,13,2017,"Kusko"
81,"Holitna",19.8397432128669,2324.57111273995,12,2017,"Kusko"
82,"Big River",21.6161936791076,1959.20780848223,14,2017,"Kusko"
83,"Aniak",27.2660094503849,1444.31439418935,10,2017,"Kusko"
84,"Big River",25.2990280505919,1710.57158401618,11,2017,"Kusko"
85,"Aniak",33.9462942641037,1179.73796692589,10,2017,"Kusko"
86,"Swift",29.1396759413007,891.10758375248,9,2017,"Kusko"
87,"Stony",20.6277348021864,1523.88253147123,14,2017,"Kusko"
88,"Swift",26.5531684339978,1341.71027182287,10,2017,"Kusko"
89,"Holitna",24.6762494443541,2440.44482401358,12,2017,"Kusko"
90,"Hoholitna",24.0538435343502,2418.72820224904,14,2017,"Kusko"
91,"Kisaralik",24.2734325292951,1697.87994365715,11,2017,"Kusko"
92,"Big River",25.1481827123184,1927.8612050467,13,2017,"Kusko"
93,"Kisaralik",29.4583795955736,1343.77567622189,13,2017,"Kusko"
94,"Stony",19.9048627293637,1552.91584060029,14,2017,"Kusko"
95,"Kisaralik",29.4478367563482,1406.83187550716,12,2017,"Kusko"
96,"Holitna",25.1749740800777,2465.85107054187,12,2017,"Kusko"
97,"Stony",21.1789865148812,1508.92412306737,14,2017,"Kusko"
98,"Kisaralik",23.612762108048,1730.13163390509,11,2017,"Kusko"
99,"Middle Kusko Main",23.2394449518926,1704.94138895304,10,2017,"Kusko"
100,"Big River",20.2026515851048,1672.86568552828,14,2017,"Kusko"
101,"Stony",21.145426377525,1521.48830086705,12,2017,"Kusko"
102,"Big River",20.1996169588664,1672.77012838786,14,2017,"Kusko"
103,"Holitna",21.7509981376014,2296.42651651465,12,2017,"Kusko"
104,"Big River",25.4429081757737,1714.73698400062,11,2017,"Kusko"
105,"Aniak",23.8818192433018,1630.02528297151,10,2017,"Kusko"
106,"Aniak",36.0510067351404,1318.41873977265,10,2017,"Kusko"
107,"Aniak",36.1610240877046,1325.76211879608,10,2017,"Kusko"
108,"Kisaralik",24.4467495556507,1723.27584150356,14,2017,"Kusko"
109,"Hoholitna",24.0846271507747,2956.34285552426,14,2017,"Kusko"
110,"Kwethluk",54.7491793232376,910.863330971176,8,2017,"Kusko"
111,"Big River",24.1471986916867,2202.80363946286,13,2017,"Kusko"
112,"Swift",27.885915450167,1196.40328236857,9,2017,"Kusko"
113,"Aniak",31.3583059766961,1278.78393454978,10,2017,"Kusko"
114,"Kisaralik",20.1592578459381,2105.57576204091,15,2017,"Kusko"
115,"Stony",20.1624092529449,2013.97614532442,14,2017,"Kusko"
116,"Kisaralik",28.4279027995409,1758.63183467401,14,2017,"Kusko"
117,"Holitna",25.6648060465944,3264.98904266795,13,2017,"Kusko"
118,"Aniak",27.3184009558441,1897.00100670176,10,2017,"Kusko"
119,"Hoholitna",21.5522604105024,2222.79431899419,15,2017,"Kusko"
120,"Kwethluk",34.9350229721514,1226.79672639558,10,2017,"Kusko"
121,"Holitna",22.3114042297793,2767.94666129853,12,2017,"Kusko"
122,"Swift",28.3882999536295,549.733104288182,7,2017,"Kusko"
123,"Aniak",23.2335906164311,1947.39221813661,10,2017,"Kusko"
124,"Aniak",24.46705356717,1883.0741719764,10,2017,"Kusko"
125,"Kisaralik",26.6963061780718,1649.61011525098,14,2017,"Kusko"
126,"Holitna",21.5858375886772,2665.97056933073,12,2017,"Kusko"
127,"Takotna and Nixon Fork",19.9844646985078,1953.07265510774,13,2017,"Kusko"
128,"Aniak",33.1467041583467,1448.19261673114,10,2017,"Kusko"
129,"Aniak",33.6531640652657,1261.92924639061,10,2017,"Kusko"
130,"Big River",26.8101141928433,2214.11222963765,13,2017,"Kusko"
131,"Aniak",36.1198920809451,1268.15688992313,10,2017,"Kusko"
132,"Big River",25.5026078007781,2061.94803830665,11,2017,"Kusko"
133,"Big River",25.0464436589687,2308.42504649169,13,2017,"Kusko"
134,"Swift",32.0456053235085,700.462067805183,7,2017,"Kusko"
135,"Swift",27.6226633606335,421.090182571287,7,2017,"Kusko"
136,"Kisaralik",26.691950550372,1649.49160778197,14,2017,"Kusko"
137,"Big River",24.4781925011728,2179.33900569692,13,2017,"Kusko"
138,"Aniak",27.4626903905004,1485.55802001305,10,2017,"Kusko"
139,"Big River",24.7863166264616,2013.60302259002,13,2017,"Kusko"
140,"Aniak",36.3207513844832,1094.76849405155,10,2017,"Kusko"
141,"Holitna",23.5760048560381,2457.70259362405,12,2017,"Kusko"
142,"Middle Kusko Main",22.8122943585968,1786.22109229281,11,2017,"Kusko"
143,"Aniak",24.9337789744583,1585.19082073703,10,2017,"Kusko"
144,"Takotna and Nixon Fork",18.4457811749354,1604.97857753178,13,2017,"Kusko"
145,"Hoholitna",22.7452454782883,2042.62222503787,15,2017,"Kusko"
146,"Big River",25.9685470529179,1956.71603049424,13,2017,"Kusko"
147,"Big River",23.9678123224301,1826.38208520951,13,2017,"Kusko"
148,"Middle Kusko Main",21.3315392575715,1789.15109237298,10,2017,"Kusko"
149,"Holitna",24.7027276132497,2528.06353008571,12,2017,"Kusko"
150,"Stony",19.2553088779399,1587.05223281001,13,2017,"Kusko"
151,"Holitna",25.559903245287,2552.14667331263,12,2017,"Kusko"
152,"Aniak",35.4106300955928,1069.22579278016,10,2017,"Kusko"
153,"Big River",24.486788558382,1868.10950399433,13,2017,"Kusko"
154,"Aniak",36.2193258978542,1013.20613367704,10,2017,"Kusko"
155,"Swift",31.1591381777457,683.060599006494,7,2017,"Kusko"
156,"Takotna and Nixon Fork",19.87068132614,1595.59095161433,13,2017,"Kusko"
157,"Holitna",24.720179056286,2429.97489343572,13,2017,"Kusko"
158,"Kwethluk",47.3545106912558,818.422344519651,9,2017,"Kusko"
159,"Kisaralik",29.8090371863356,1541.1141047998,12,2017,"Kusko"
160,"Aniak",36.3665838906533,1006.01492993239,10,2017,"Kusko"
161,"Big River",24.4646146958899,1803.94460341921,13,2017,"Kusko"
162,"Kisaralik",26.6876793669239,1332.71915663761,14,2017,"Kusko"
163,"Holitna",25.2698877468097,3229.37181368306,13,2017,"Kusko"
164,"Stony",21.141870793329,1945.24085318396,14,2017,"Kusko"
165,"Stony",21.1158061957801,1941.26260263503,12,2017,"Kusko"
166,"Holitna",25.239855973013,3232.92220475446,13,2017,"Kusko"
167,"Middle Kusko Main",22.2848808663511,2213.3701927336,10,2017,"Kusko"
168,"N. Fork Kusko",54.0017673210233,208.474046359808,3,2017,"Kusko"
169,"Swift",28.5661072825538,421.548535662784,7,2017,"Kusko"
170,"Hoholitna",24.561958084136,2713.36122727737,15,2017,"Kusko"
171,"Kwethluk",51.4202847618859,1011.23673398868,9,2017,"Kusko"
172,"Holitna",22.600668012879,2398.7547348393,12,2017,"Kusko"
173,"Aniak",25.9232645494089,1559.28916728619,10,2017,"Kusko"
174,"Kwethluk",50.8841340576537,819.218160853033,9,2017,"Kusko"
175,"Aniak",29.8309239547144,1318.7856478121,10,2017,"Kusko"
176,"Kisaralik",19.0940207420363,1690.08626117241,16,2017,"Kusko"
177,"Holitna",22.2141317387546,2378.17217298623,12,2017,"Kusko"
178,"Aniak",21.3565870692171,1708.66253304728,10,2017,"Kusko"
179,"Big River",24.3543791198365,1864.70446129503,13,2017,"Kusko"
180,"Middle Kusko Main",23.1464393633478,1743.0643507107,11,2017,"Kusko"
181,"Kwethluk",66.089913969453,579.891252894894,6,2017,"Kusko"
182,"Aniak",23.351483426191,1455.55660454627,10,2017,"Kusko"
183,"Aniak",35.8864037387363,933.208712708826,10,2017,"Kusko"
184,"Kisaralik",29.6452905270797,1422.77941815298,11,2017,"Kusko"
185,"Aniak",20.2535872436625,1833.15183711152,10,2017,"Kusko"
186,"Middle Kusko Main",23.3391928999567,1845.31814718712,11,2017,"Kusko"
187,"Big River",25.9008794285826,1753.23008436544,11,2017,"Kusko"
188,"Kisaralik",30.3105088137951,1686.37550360739,12,2017,"Kusko"
189,"Holitna",25.1051696347953,2722.80733395207,13,2017,"Kusko"
190,"Big River",24.344811762698,1982.97992944559,13,2017,"Kusko"
191,"Takotna and Nixon Fork",19.4949584378615,1876.04494550249,13,2017,"Kusko"
192,"Kwethluk",56.3618191868511,1103.11887536128,8,2017,"Kusko"
193,"Takotna and Nixon Fork",18.7469217835966,2471.86993681728,13,2017,"Kusko"
194,"Aniak",36.4749628719618,1652.65236751703,10,2017,"Kusko"
195,"Swift",27.9884693876753,1934.0061724217,10,2017,"Kusko"
196,"Aniak",36.3756461707275,1641.79950313184,10,2017,"Kusko"
197,"Big River",26.8638633664004,2836.42703117893,11,2017,"Kusko"
198,"Swift",27.0511897580076,673.345294680169,7,2017,"Kusko"
199,"Kisaralik",26.5048470587755,1331.55713234407,14,2017,"Kusko"
200,"Kisaralik",23.5367820973625,1402.08827887337,14,2017,"Kusko"
201,"Holitna",25.5172237130564,2411.72471562645,13,2017,"Kusko"
202,"Aniak",36.307859655925,1013.20682352197,10,2017,"Kusko"
203,"Stony",20.7061529132581,1471.75049827838,12,2017,"Kusko"
204,"Big River",27.0216454071264,2742.10402042863,11,2017,"Kusko"
205,"Aniak",28.9305443832878,1963.53829273495,10,2017,"Kusko"
206,"Aniak",33.7548311857106,1768.81219024213,10,2017,"Kusko"
207,"Stony",19.1358657541237,1481.78764064495,14,2017,"Kusko"
208,"Takotna and Nixon Fork",18.259754356213,1411.83262393619,13,2017,"Kusko"
209,"Kwethluk",37.1174971329629,928.175686157765,10,2017,"Kusko"
210,"Aniak",26.7765008132143,1381.0230727195,10,2017,"Kusko"
211,"Takotna and Nixon Fork",18.7366405953223,1456.27627254839,13,2017,"Kusko"
212,"Takotna and Nixon Fork",19.3856569472495,1591.13603382561,13,2017,"Kusko"
213,"Holitna",25.6952093543956,2271.64532721774,13,2017,"Kusko"
214,"Aniak",27.9325752736084,1735.58567475269,10,2017,"Kusko"
215,"Hoholitna",23.9799892042393,2441.22989753983,15,2017,"Kusko"
216,"Swift",29.1008677396078,579.141219194625,7,2017,"Kusko"
217,"Aniak",27.4630272856845,1762.65752506446,10,2017,"Kusko"
218,"Holitna",25.3891155447839,2682.11884499892,13,2017,"Kusko"
219,"Kisaralik",29.4331821976333,1433.71395374878,13,2017,"Kusko"
220,"Big River",26.7412967693087,2001.98954191862,13,2017,"Kusko"
221,"Aniak",35.9736844037547,1129.74951855797,10,2017,"Kusko"
222,"Aniak",24.9963866304064,1689.28507603832,10,2017,"Kusko"
223,"Takotna and Nixon Fork",18.4408985139583,1666.67633087618,13,2017,"Kusko"
224,"Kwethluk",45.2233388172235,815.699320372255,9,2017,"Kusko"
225,"Kwethluk",46.3405413356154,736.722923503067,9,2017,"Kusko"
226,"Kwethluk",55.1873752661988,637.111385916499,8,2017,"Kusko"
227,"Stony",18.7585466715174,1316.01476248599,13,2017,"Kusko"
228,"Aniak",25.511119377734,1320.68315172894,10,2017,"Kusko"
229,"Kisaralik",29.3041261471956,1219.66533290354,12,2017,"Kusko"
230,"Holitna",22.5331844257426,2010.47576676936,12,2017,"Kusko"
231,"E. Fork Kuskokwim",43.7554903367951,161.913051363427,5,2017,"Kusko"
232,"Kwethluk",56.2295015511088,624.8113906404,8,2017,"Kusko"
233,"Aniak",31.6139026902534,1088.02285123694,10,2017,"Kusko"
234,"Kisaralik",24.9926782976682,1966.25041996043,11,2017,"Kusko"
235,"Aniak",32.1253716592467,1263.63291196793,10,2017,"Kusko"
236,"Aniak",32.357382189695,1462.04759246223,10,2017,"Kusko"
237,"Hoholitna",24.6514614486139,2636.27396700882,14,2017,"Kusko"
238,"Aniak",35.6578856538639,1237.3266535528,10,2017,"Kusko"
239,"Kisaralik",24.4418777471713,1557.04361700095,14,2017,"Kusko"
240,"Aniak",28.2563563879614,1517.45844815781,10,2017,"Kusko"
241,"Aniak",25.2193319960584,2016.64737794786,10,2017,"Kusko"
242,"Swift",29.1091613147688,1543.41530697459,10,2017,"Kusko"
243,"Aniak",25.0037334295565,2069.97295288256,10,2017,"Kusko"
244,"Aniak",33.6446299840724,1566.30223447478,10,2017,"Kusko"
245,"Takotna and Nixon Fork",19.55619363545,2265.4911192087,13,2017,"Kusko"
246,"Aniak",24.8946082836134,1677.6490504044,10,2017,"Kusko"
247,"Kisaralik",26.4653951148698,1506.0982633516,14,2017,"Kusko"
248,"Swift",30.5443652644322,860.406048042988,8,2017,"Kusko"
249,"Takotna and Nixon Fork",19.9840213075267,1792.41071381992,13,2017,"Kusko"
250,"Aniak",32.0936714812895,1663.27770783539,10,2017,"Kusko"
251,"Holitna",25.6955179831267,3316.23251428536,13,2017,"Kusko"
252,"Kisaralik",25.3738518426635,1859.55227292387,14,2017,"Kusko"
253,"Swift",28.0240059248057,481.284811251695,7,2017,"Kusko"
254,"Aniak",29.1431090433809,1748.11451273205,10,2017,"Kusko"
255,"Kwethluk",44.968650389067,1156.4637143157,9,2017,"Kusko"
256,"Takotna and Nixon Fork",19.7569064654887,2196.76837679594,13,2017,"Kusko"
1,"Aniak",34.0050810380261,397.145598025374,10,2018,"Kusko"
2,"Aniak",26.6551663659385,514.263884312699,10,2018,"Kusko"
3,"Holitna",24.627005737947,2031.4776675459,13,2018,"Kusko"
4,"Swift",30.3162882614578,336.904054301578,8,2018,"Kusko"
5,"Swift",28.397994042114,123.26309979295,7,2018,"Kusko"
6,"Swift",33.2201599795861,187.34281892809,7,2018,"Kusko"
7,"Big River",25.148329554805,596.349453827047,13,2018,"Kusko"
8,NA,0,0,0,2018,"Kusko"
9,"Big River",26.0432547614258,3639.129910472,13,2018,"Kusko"
10,"Big River",22.6363189202935,3273.16633700518,14,2018,"Kusko"
11,"E. Fork Kuskokwim",40.3873680125208,249.926073455104,5,2018,"Kusko"
12,"Big River",26.95984274243,2216.82236650426,11,2018,"Kusko"
13,"Kisaralik",29.3076268631944,1740.40709005271,12,2018,"Kusko"
14,"Aniak",27.1708405076394,1996.73868815641,10,2018,"Kusko"
15,"Swift",26.777609826671,2053.23925830292,10,2018,"Kusko"
16,"Swift",26.3547963626756,1888.07114428491,10,2018,"Kusko"
17,"Aniak",35.6811677779224,1145.37241635039,10,2018,"Kusko"
18,"Kisaralik",23.5686051028511,1586.19285930395,14,2018,"Kusko"
19,"N. Fork Kusko",62.2467748440536,279.608308972856,2,2018,"Kusko"
20,"Big River",24.4593718980695,2009.1178616315,13,2018,"Kusko"
21,"Big River",26.9844135057011,1969.41345231555,11,2018,"Kusko"
22,"Kisaralik",28.3072861750235,1547.04551139835,13,2018,"Kusko"
23,"Middle Kusko Main",22.9602331656189,2006.75140649812,11,2018,"Kusko"
24,"Aniak",31.6252218787034,1451.33313880838,10,2018,"Kusko"
25,"Big River",24.5014727517114,2229.82707206822,13,2018,"Kusko"
26,"N. Fork Kusko",100,60.4896932199024,1,2018,"Kusko"
27,"Hoholitna",18.4724007699915,1942.08857472354,16,2018,"Kusko"
28,"Big River",26.8442432062318,2136.29454432962,13,2018,"Kusko"
29,"Aniak",36.0838944329211,1301.09042649754,10,2018,"Kusko"
30,"Big River",20.3274411392837,2074.30975728911,14,2018,"Kusko"
31,"Big River",21.0142384633483,2086.66590689381,14,2018,"Kusko"
32,"Swift",26.5777992324784,1677.84504824132,10,2018,"Kusko"
33,"Big River",25.5245444757371,2378.54346123587,13,2018,"Kusko"
34,"Swift",26.9203575520976,1632.09881449799,10,2018,"Kusko"
35,"Aniak",24.3147779622752,1995.47261958596,10,2018,"Kusko"
36,"Big River",20.626801255314,2074.50642601194,14,2018,"Kusko"
37,"Aniak",29.8176899820665,1594.40793199421,10,2018,"Kusko"
38,"Kwethluk",50.9727679722209,807.906299579579,9,2018,"Kusko"
39,"Hoholitna",24.6228319687083,2232.54425738667,14,2018,"Kusko"
40,"Swift",26.5717068138772,1385.77474436348,10,2018,"Kusko"
41,"Stony",18.2166458701584,1572.16289131703,13,2018,"Kusko"
42,"Big River",19.0464129145548,1660.18665105147,14,2018,"Kusko"
43,"Stony",21.14436172088,1541.32697042933,12,2018,"Kusko"
44,"Kwethluk",64.064887841059,608.34113479224,7,2018,"Kusko"
45,"Big River",24.3654669606331,1836.90302309174,13,2018,"Kusko"
46,"N. Fork Kusko",66.6349845061776,163.063124010113,2,2018,"Kusko"
47,"Aniak",28.1416989120706,1394.17224603821,10,2018,"Kusko"
48,"Big River",21.8992561841672,2167.29093970377,14,2018,"Kusko"
49,"Big River",26.6351215888063,2403.39221037817,13,2018,"Kusko"
50,"Kwethluk",57.8033933117296,889.359797053982,8,2018,"Kusko"
51,"N. Fork Kusko",69.8965693273077,185.291717209761,2,2018,"Kusko"
52,"Aniak",36.0326084358447,1338.46696953817,10,2018,"Kusko"
53,"Big River",25.5019621390869,2211.63408359609,11,2018,"Kusko"
54,"Takotna and Nixon Fork",18.7872568711447,2048.86032149118,13,2018,"Kusko"
55,"Big River",22.4423466074685,2162.12892835815,14,2018,"Kusko"
56,"Holitna",24.9112623762665,3129.77619856579,12,2018,"Kusko"
57,"Swift",27.3948516365277,473.645271792844,7,2018,"Kusko"
58,"Big River",26.9627519043018,2353.03500511979,11,2018,"Kusko"
59,"Stony",19.0947621236183,2072.15844010351,14,2018,"Kusko"
60,"Stony",21.1433716558386,1847.27653087091,12,2018,"Kusko"
61,"Stony",19.0933853244816,1929.09675109225,14,2018,"Kusko"
62,"Big River",20.7503272087651,2043.074838641,14,2018,"Kusko"
63,"Kwethluk",31.3363116470209,1285.21974409497,10,2018,"Kusko"
64,"Kisaralik",24.2500349659878,1720.18797883499,14,2018,"Kusko"
65,"Kisaralik",29.7105965350482,1926.89890463379,11,2018,"Kusko"
66,"Big River",24.0573789957674,1805.38087249173,13,2018,"Kusko"
67,"Big River",24.180722908176,1847.61259854284,13,2018,"Kusko"
68,"Kwethluk",58.7071609846003,697.711117457125,8,2018,"Kusko"
69,"Kisaralik",29.6886336848823,1584.24874373562,12,2018,"Kusko"
70,"Holitna",21.7218891182567,2365.33431443034,12,2018,"Kusko"
71,"Kisaralik",26.509949839884,1842.77067352871,14,2018,"Kusko"
72,"Holitna",20.1966470208713,2548.47471245548,11,2018,"Kusko"
73,"E. Fork Kuskokwim",50.6436450299788,208.451983788971,3,2018,"Kusko"
74,"Kwethluk",46.1137915500994,1150.60777429341,9,2018,"Kusko"
75,"Kisaralik",30.4269504085417,2079.63892438964,12,2018,"Kusko"
76,"Holitna",25.057897222178,5704.39367476294,12,2018,"Kusko"
77,"Big River",25.0487491630285,4467.49991375097,13,2018,"Kusko"
78,"Hoholitna",22.5681188211102,2143.5148935048,15,2018,"Kusko"
79,"N. Fork Kusko",100,4.54761390628374,1,2018,"Kusko"
80,"Takotna and Nixon Fork",19.3516769175457,1804.80394021128,13,2018,"Kusko"
81,"Aniak",22.8828285826811,1777.41872590331,10,2018,"Kusko"
82,"Kwethluk",64.0378556594054,655.38990008168,7,2018,"Kusko"
83,"Kwethluk",65.386800635553,629.701434717998,6,2018,"Kusko"
84,"Big River",24.8387575015012,2560.4546887945,13,2018,"Kusko"
85,"Takotna and Nixon Fork",19.3822814241255,2308.61098104917,13,2018,"Kusko"
86,"Kisaralik",24.4199494488008,1854.51656829527,14,2018,"Kusko"
87,"Kwethluk",52.3012782574593,135.769173267307,3,2018,"Kusko"
88,"Aniak",31.7016292509779,1302.99052383711,10,2018,"Kusko"
89,"Swift",28.5158802863556,1266.35948484695,10,2018,"Kusko"
90,"Takotna and Nixon Fork",19.1510444509515,1699.17015860071,13,2018,"Kusko"
91,"Big River",26.8951904084517,1871.89811081366,11,2018,"Kusko"
92,"Aniak",31.0160121935859,1318.71628873463,10,2018,"Kusko"
93,"Kisaralik",24.5600143009547,1973.25387449613,11,2018,"Kusko"
94,"Swift",26.5529667088225,1708.9957206696,10,2018,"Kusko"
95,"Middle Kusko Main",22.0713882447414,2031.43444749055,10,2018,"Kusko"
96,"N. Fork Kusko",53.5897227730068,189.872783214387,3,2018,"Kusko"
97,"Holitna",23.5993223820488,2768.04959497672,12,2018,"Kusko"
98,"Big River",25.8891095407197,2224.63920072447,13,2018,"Kusko"
99,"Big River",21.2146532642252,1963.15273155284,14,2018,"Kusko"
100,"Aniak",25.6368796461356,1788.61221012923,10,2018,"Kusko"
101,"Holitna",24.673958011714,2869.3748675432,12,2018,"Kusko"
102,"Aniak",35.4155940376684,1289.20776253087,10,2018,"Kusko"
103,"Big River",24.5331297250929,2224.98353672814,13,2018,"Kusko"
104,"Holitna",24.9408771439927,2871.71949672541,12,2018,"Kusko"
105,"Kisaralik",25.4979884717268,1930.06250501819,11,2018,"Kusko"
106,"Holitna",25.3589235877541,2933.40275893116,13,2018,"Kusko"
107,"Big River",24.4015029720598,1988.75629722814,13,2018,"Kusko"
108,"Aniak",34.9623820879454,1155.55273981162,10,2018,"Kusko"
109,"Kisaralik",25.3290245104171,1692.57301325388,11,2018,"Kusko"
110,"Holitna",21.5014558172708,2315.85152421939,12,2018,"Kusko"
111,"Holitna",21.1352408181671,2261.89862552145,12,2018,"Kusko"
112,"Aniak",37.0608317094737,1056.76892655559,10,2018,"Kusko"
113,"Kisaralik",29.1575392601158,1672.03734223929,11,2018,"Kusko"
114,"Kwethluk",36.4270185526265,1051.02305853424,10,2018,"Kusko"
115,"Big River",24.2704759583247,1883.24239780576,13,2018,"Kusko"
116,"Big River",26.8761940821363,1909.63986555243,13,2018,"Kusko"
117,"Kisaralik",26.1710596463847,1699.66684715844,11,2018,"Kusko"
118,"Kisaralik",26.9187757348285,1427.03186096476,14,2018,"Kusko"
119,"Aniak",28.9814671209993,1356.02422990666,10,2018,"Kusko"
120,"Kwethluk",50.8735458789495,822.971801519856,9,2018,"Kusko"
121,"Holitna",24.4977231801102,3052.59620744807,13,2018,"Kusko"
122,"Aniak",25.0897047817694,1914.73935512289,10,2018,"Kusko"
123,"Kisaralik",29.7151539620357,1658.10305341717,13,2018,"Kusko"
124,"Kwethluk",49.6936877591912,1014.82023310398,9,2018,"Kusko"
125,"Holitna",21.3805692049565,2775.84323317123,12,2018,"Kusko"
126,"Holitna",25.7138043548635,3083.91660753764,13,2018,"Kusko"
127,"Hoholitna",24.0633101946642,2986.725569479,14,2018,"Kusko"
128,"Middle Kusko Main",21.3399796961483,2152.71417165835,10,2018,"Kusko"
129,"Hoholitna",24.2799201366737,2952.14227212669,14,2018,"Kusko"
130,"Big River",21.0031851752621,2093.60075980053,14,2018,"Kusko"
131,"Hoholitna",22.9680298883496,2464.91366310667,15,2018,"Kusko"
132,"Big River",19.1609418087487,2052.16466601938,14,2018,"Kusko"
133,"Kisaralik",24.2843450793537,2128.21652976039,11,2018,"Kusko"
134,"Aniak",26.8503808440191,1872.30656925352,10,2018,"Kusko"
135,"Big River",19.6127522639244,2050.80233422977,14,2018,"Kusko"
136,"Aniak",33.4589553531447,1488.72695358097,10,2018,"Kusko"
137,"Kisaralik",27.1597539973036,1709.064408063,14,2018,"Kusko"
138,"Kwethluk",62.2265414045995,786.268318546895,7,2018,"Kusko"
139,"Takotna and Nixon Fork",19.890323374521,1595.83666764169,13,2018,"Kusko"
140,"Big River",21.6269271231792,1589.02640918712,14,2018,"Kusko"
141,"Holitna",23.5758692776481,2248.35143452414,12,2018,"Kusko"
142,"Stony",21.2276876632705,1432.32856353274,12,2018,"Kusko"
143,"Aniak",26.3698404088236,1436.520451687,10,2018,"Kusko"
144,"Kisaralik",28.2449654956071,1274.22948874141,14,2018,"Kusko"
145,"Aniak",22.5244579528222,1576.59396507149,10,2018,"Kusko"
146,"Big River",26.8982329911276,1721.22969895366,11,2018,"Kusko"
147,"Kwethluk",49.9315490980944,773.866888108787,9,2018,"Kusko"
148,"Stony",18.5903160732074,1440.56536946647,13,2018,"Kusko"
149,"Takotna and Nixon Fork",19.1301009714522,1545.59991880283,13,2018,"Kusko"
150,"Aniak",26.3697162822387,1436.52351374266,10,2018,"Kusko"
151,"Takotna and Nixon Fork",18.806610160233,1551.64695912932,13,2018,"Kusko"
152,"Middle Kusko Main",21.2527918216328,1642.05057058291,10,2018,"Kusko"
153,"Aniak",24.4147583890519,1497.3848196296,10,2018,"Kusko"
154,"Kisaralik",24.2564199862893,2520.46926475764,11,2018,"Kusko"
155,"Aniak",24.9147520726261,2265.55133944507,10,2018,"Kusko"
156,"Swift",30.535203859662,1076.63044484248,8,2018,"Kusko"
157,"Aniak",36.3072054340014,1543.35127424241,10,2018,"Kusko"
158,"Aniak",29.1260732777093,1935.77057362205,10,2018,"Kusko"
159,"Kisaralik",23.8672366365707,2553.40531045713,11,2018,"Kusko"
160,"Kwethluk",68.0985015456862,603.653154779466,4,2018,"Kusko"
161,"Kwethluk",44.9937250275185,1258.35539065184,9,2018,"Kusko"
162,"Stony",21.145080793486,2209.97984363191,12,2018,"Kusko"
163,"Aniak",26.7141002718285,2194.99617264179,10,2018,"Kusko"
164,"E. Fork Kuskokwim",53.2464492925144,216.162723025623,4,2018,"Kusko"
165,"Kisaralik",24.2580101580423,2477.23177571787,11,2018,"Kusko"
166,"Holitna",25.2051926366768,3649.85794357995,13,2018,"Kusko"
167,"Middle Kusko Main",21.3655408470686,2513.03788795002,10,2018,"Kusko"
168,"Kwethluk",46.9539098128807,1227.11105600179,9,2018,"Kusko"
169,"Holitna",25.6580326890458,2663.92727933385,13,2018,"Kusko"
170,"Aniak",22.9352446892744,1759.04078568837,10,2018,"Kusko"
171,"Holitna",25.5175239897564,2666.60868279264,13,2018,"Kusko"
172,"Big River",27.0292539461497,1972.56564875951,11,2018,"Kusko"
173,"Big River",24.322807097296,1953.23851627459,13,2018,"Kusko"
174,"Kwethluk",56.9993557817191,758.511785123305,8,2018,"Kusko"
175,"Big River",24.6838932352747,2067.79397514463,13,2018,"Kusko"
176,"Kwethluk",44.3809762863967,936.078343452808,9,2018,"Kusko"
177,"Holitna",25.5603303656644,2646.30865739755,12,2018,"Kusko"
178,"Kwethluk",67.5842784774321,437.840652047044,4,2018,"Kusko"
179,"N. Fork Kusko",64.3555002196822,159.262434776057,2,2018,"Kusko"
180,"Aniak",26.720281981261,1701.14162801907,10,2018,"Kusko"
181,"Holitna",25.6456297053736,2782.99918078081,13,2018,"Kusko"
182,"Takotna and Nixon Fork",19.7197198368433,1855.37224535613,13,2018,"Kusko"
183,"Aniak",37.0666668609805,1155.37022656438,10,2018,"Kusko"
184,"Hoholitna",24.1873183722855,2702.61351664163,14,2018,"Kusko"
185,"Kwethluk",32.6285351410669,1178.13599609533,10,2018,"Kusko"
186,"Aniak",25.8709446075011,1714.57917892786,10,2018,"Kusko"
187,"Aniak",24.1932388114409,1728.22436901244,10,2018,"Kusko"
188,"Aniak",30.2572181106421,1574.19012180766,10,2018,"Kusko"
189,"Aniak",24.9326358436141,1884.42467063479,10,2018,"Kusko"
190,"Aniak",20.918626554322,2034.40045951606,10,2018,"Kusko"
191,"Big River",23.9367306533652,2175.03829091399,13,2018,"Kusko"
192,"Stony",20.8793720635992,1855.70807805268,12,2018,"Kusko"
193,"Takotna and Nixon Fork",18.8084512985705,1943.37080113428,13,2018,"Kusko"
194,"Kwethluk",56.7217301350342,874.314432202194,8,2018,"Kusko"
195,"Kisaralik",29.923523108832,1903.54378931783,12,2018,"Kusko"
196,"Aniak",27.9219613753842,1727.43271165145,10,2018,"Kusko"
197,"Holitna",24.5661250195809,8686.62229317363,13,2018,"Kusko"
198,"Kwethluk",56.4638745914734,2594.13965737422,8,2018,"Kusko"
199,"Takotna and Nixon Fork",19.6296089186374,6214.10143977093,13,2018,"Kusko"
200,"Big River",22.3345809016072,6145.23986311464,14,2018,"Kusko"
201,"Swift",28.065995478538,813.759582965782,10,2018,"Kusko"
202,"Kwethluk",65.9111004135556,412.873507757751,6,2018,"Kusko"
203,"Takotna and Nixon Fork",18.9849447170839,1219.34967382048,13,2018,"Kusko"
204,"Aniak",35.058829629907,826.548792561995,10,2018,"Kusko"
205,"Kisaralik",25.5531749334659,1213.30719617611,11,2018,"Kusko"
206,"Kwethluk",60.4331197079281,493.097467692621,7,2018,"Kusko"
207,"Stony",20.1335552937066,1122.91740610615,14,2018,"Kusko"
208,"Kisaralik",24.2986551169387,1261.55758417241,11,2018,"Kusko"
209,"Aniak",35.6741016902664,1258.83036647406,10,2018,"Kusko"
210,"Aniak",29.0392213324108,1588.99209773626,10,2018,"Kusko"
211,"Kwethluk",44.5413685443306,1055.73115514039,9,2018,"Kusko"
212,"Holitna",25.1179631152079,2985.84402335675,12,2018,"Kusko"
213,"Middle Kusko Main",21.3712403650049,2089.6468055141,10,2018,"Kusko"
214,"Aniak",35.8097938316209,1324.52395232756,10,2018,"Kusko"
215,"Hoholitna",24.6551633121335,2701.80366262728,14,2018,"Kusko"
216,"Kwethluk",63.4631600924964,717.756644841725,7,2018,"Kusko"
217,"E. Fork Kuskokwim",52.2642259715318,190.959243235067,5,2018,"Kusko"
218,"Kwethluk",50.8434129028289,441.221262166066,9,2018,"Kusko"
219,"Kisaralik",23.4364465530663,798.897182398804,14,2018,"Kusko"
220,"Aniak",25.49973347876,845.593436258878,10,2018,"Kusko"
221,"Aniak",34.8575478410225,621.215631714003,10,2018,"Kusko"
222,"Holitna",25.6447547148419,1366.05402754017,13,2018,"Kusko"
223,"Swift",27.2173809231574,589.737614445186,10,2018,"Kusko"
224,"Aniak",30.6623233671873,708.505292736547,10,2018,"Kusko"
225,"Aniak",24.8745594531491,1609.9268489305,10,2018,"Kusko"
226,"Kisaralik",26.8686691444902,1454.89390687749,14,2018,"Kusko"
227,"Kisaralik",29.6229162531314,1668.6123984187,11,2018,"Kusko"
228,"Big River",21.5691453542385,2133.92374683011,14,2018,"Kusko"
229,"Holitna",21.0015456922536,1905.83617371806,12,2018,"Kusko"
230,"Middle Kusko Main",23.3871614573635,1471.81145405589,11,2018,"Kusko"
231,"Kwethluk",33.4716685958056,2030.67756180444,10,2018,"Kusko"
232,"Aniak",35.1694950828598,2164.22200559259,10,2018,"Kusko"
233,"Aniak",30.9025279474972,2478.99585007703,10,2018,"Kusko"
234,"Aniak",24.9281709171076,2159.59549090931,10,2018,"Kusko"
235,"Kwethluk",43.4672558438734,1231.70394959,9,2018,"Kusko"
236,"Aniak",36.5005410054559,638.71132808619,10,2018,"Kusko"
237,"Kisaralik",24.705717722158,1822.07362823234,11,2018,"Kusko"
238,"Takotna and Nixon Fork",19.3609034026143,3091.12788830502,13,2018,"Kusko"
239,"Kisaralik",26.7610495513539,2361.1611227024,11,2018,"Kusko"
240,"Aniak",20.5936997371221,2598.44159303055,10,2018,"Kusko"
1,"Holitna",19.7828545008506,1345.7352799319,12,2019,"Kusko"
2,"Stony",20.9009437688541,1016.55129564318,12,2019,"Kusko"
3,"Kisaralik",25.0131810087069,2032.10947603775,11,2019,"Kusko"
4,"Big River",26.6712035275055,2208.58338034994,11,2019,"Kusko"
5,"Big River",21.0107270040781,2072.83907072765,14,2019,"Kusko"
6,"Big River",20.5366939074979,900.887371581627,14,2019,"Kusko"
7,"Big River",24.1692739382966,966.95474506079,13,2019,"Kusko"
8,"Big River",21.5551193545904,1461.65708706537,14,2019,"Kusko"
9,"Stony",20.4970151295317,1320.27078756171,13,2019,"Kusko"
10,"Big River",25.8890858053743,1635.54406286815,13,2019,"Kusko"
11,"Stony",21.1433998096933,1313.45446369052,12,2019,"Kusko"
12,"Big River",24.3608707499162,1728.19319070403,13,2019,"Kusko"
13,"Kisaralik",27.8900180548498,1572.56718232505,11,2019,"Kusko"
14,"Big River",24.4169721229063,1768.92596800264,13,2019,"Kusko"
15,"Big River",25.7678258390586,1812.99680069643,13,2019,"Kusko"
16,"Big River",26.9243228572451,1753.97657394624,11,2019,"Kusko"
17,"Big River",22.5198853967589,2078.16147521928,14,2019,"Kusko"
18,"Hoholitna",24.4590384793957,2595.75982962288,15,2019,"Kusko"
19,"Big River",26.6374055808401,2155.94890416214,13,2019,"Kusko"
20,"Swift",28.5318358623321,1404.30361593393,10,2019,"Kusko"
21,"Aniak",24.3082079495283,1854.74112295487,10,2019,"Kusko"
22,"Hoholitna",19.9972342703579,2012.96906059107,16,2019,"Kusko"
23,"Kwethluk",50.8430660035278,920.729810161719,9,2019,"Kusko"
24,"Big River",22.0927189502723,1952.87713038695,14,2019,"Kusko"
25,"Holitna",24.9109147763428,2824.18016317467,12,2019,"Kusko"
26,"Hoholitna",24.6206245700733,2540.19023824588,14,2019,"Kusko"
27,"Swift",31.8151200296008,782.476186101395,7,2019,"Kusko"
28,"Stony",18.4773465481553,1089.79350328603,13,2019,"Kusko"
29,"Big River",27.0225030358347,1310.66164587921,11,2019,"Kusko"
30,"Big River",25.7657049877356,1353.37357571223,13,2019,"Kusko"
31,"Big River",21.6005044087585,1200.62301883396,14,2019,"Kusko"
32,"Big River",24.2588359715112,1271.52566569241,13,2019,"Kusko"
33,"Kisaralik",29.5878091678686,974.946411234565,12,2019,"Kusko"
34,"Holitna",24.468082971872,1747.33123775809,13,2019,"Kusko"
35,"Big River",26.9413270327136,1310.10229703284,11,2019,"Kusko"
36,"Aniak",37.0584536853519,729.638286026245,10,2019,"Kusko"
37,"Big River",24.2690530428332,1286.16056413324,13,2019,"Kusko"
38,"Kwethluk",54.249037508258,534.604894039519,9,2019,"Kusko"
39,"Middle Kusko Main",23.1509497154482,1209.25617311334,11,2019,"Kusko"
40,"Kisaralik",29.9233669466713,1101.67571150985,12,2019,"Kusko"
41,"Takotna and Nixon Fork",18.171562292794,1103.3897144449,13,2019,"Kusko"
42,"Aniak",34.8607916445119,800.350938671716,10,2019,"Kusko"
43,"Swift",29.042688116851,848.289146976427,10,2019,"Kusko"
44,"Kisaralik",24.6628425967773,1195.05059834494,11,2019,"Kusko"
45,"Kisaralik",23.5813068448534,1230.92357403397,11,2019,"Kusko"
46,"Kwethluk",56.3888300207416,509.679978852765,8,2019,"Kusko"
47,"Aniak",24.9936165630278,1112.95264859724,10,2019,"Kusko"
48,"Big River",23.4921057916967,1225.81506699299,13,2019,"Kusko"
49,"Stony",19.7274811632286,1093.3384768152,14,2019,"Kusko"
50,"Big River",22.3447394284124,1204.82868078946,14,2019,"Kusko"
51,"Stony",21.1493862739204,1085.77679813777,14,2019,"Kusko"
52,"E. Fork Kuskokwim",42.3618693325194,137.86407162336,5,2019,"Kusko"
53,"Kwethluk",56.9856013735655,680.70533217668,8,2019,"Kusko"
54,"Big River",24.3481124117129,1748.75895084754,13,2019,"Kusko"
55,"Big River",22.8568745321017,1642.72618571181,14,2019,"Kusko"
56,"Big River",26.3507572958957,1709.19183721639,11,2019,"Kusko"
57,"Hoholitna",18.4861569492291,1616.5761012669,16,2019,"Kusko"
58,"Aniak",24.4345327108313,1532.36339860282,10,2019,"Kusko"
59,"Big River",26.0032603449661,1603.58774477066,13,2019,"Kusko"
60,"Big River",26.9023525922113,1557.1963541344,11,2019,"Kusko"
61,"Hoholitna",23.3516663894983,1675.04573979191,15,2019,"Kusko"
62,"Big River",23.8666213450538,1498.96473821514,13,2019,"Kusko"
63,"Big River",26.2645706762214,1494.79030691069,11,2019,"Kusko"
64,"Stony",20.1803259315258,1279.71326428103,14,2019,"Kusko"
65,"Big River",23.4765470854962,1470.99333817569,13,2019,"Kusko"
66,"Holitna",25.1179138229278,2083.81242871461,12,2019,"Kusko"
67,"Big River",22.5117898020471,2244.82088923745,14,2019,"Kusko"
68,"Middle Kusko Main",23.084648827891,2253.65558940539,11,2019,"Kusko"
69,"E. Fork Kuskokwim",52.277644101624,209.191527094789,5,2019,"Kusko"
70,"N. Fork Kusko",54.2306643192591,214.365964849597,3,2019,"Kusko"
71,"Swift",26.2684250878449,2086.9770890597,11,2019,"Kusko"
72,"Holitna",25.6279239818665,3308.4757313296,13,2019,"Kusko"
73,"Hoholitna",24.8184987504093,2471.97275707247,14,2019,"Kusko"
74,"Middle Kusko Main",22.9976145891022,1876.95183787523,11,2019,"Kusko"
75,"Holitna",20.1483162203638,2046.06742992872,12,2019,"Kusko"
76,"Aniak",25.2627109982112,1683.37379374101,10,2019,"Kusko"
77,"Holitna",24.65526422987,2724.8055182382,13,2019,"Kusko"
78,"Takotna and Nixon Fork",19.12755595767,1394.08811597273,13,2019,"Kusko"
79,"Big River",26.6858144228688,1558.65125492198,11,2019,"Kusko"
80,"Swift",26.618251195362,341.361777055098,7,2019,"Kusko"
81,"E. Fork Kuskokwim",45.9759465589672,151.550149485054,5,2019,"Kusko"
82,"Big River",25.8078808696933,1610.92230644376,13,2019,"Kusko"
83,"Takotna and Nixon Fork",19.1259913784421,1393.97740769579,13,2019,"Kusko"
84,"Swift",31.6821009162534,579.707224594294,7,2019,"Kusko"
85,"Big River",24.3822637691782,1576.61226498478,13,2019,"Kusko"
86,"Hoholitna",18.3416983958593,1422.04042175951,16,2019,"Kusko"
87,"Swift",28.1194169001664,249.395208204415,7,2019,"Kusko"
88,"Holitna",24.5840863451085,3157.0551132042,12,2019,"Kusko"
89,"Big River",26.7712317829025,2407.55617874771,13,2019,"Kusko"
90,"Big River",25.8632530558435,2269.88912316759,11,2019,"Kusko"
91,"Big River",22.3276415730548,1308.18127945436,14,2019,"Kusko"
92,"Kwethluk",46.3178121454689,660.023639402894,9,2019,"Kusko"
93,"Kisaralik",24.9624993957908,1078.41019804735,14,2019,"Kusko"
94,"Holitna",24.8988133698455,1935.1998782199,13,2019,"Kusko"
95,"Stony",21.1157652194925,1165.36085839211,12,2019,"Kusko"
96,"Holitna",24.8989243116642,1935.22331370041,13,2019,"Kusko"
97,"Big River",24.5302220197074,1452.77849836235,13,2019,"Kusko"
98,"Middle Kusko Main",23.1671942446433,1319.95545353706,11,2019,"Kusko"
99,"Big River",25.7738388420989,1347.56711025294,11,2019,"Kusko"
100,"Big River",21.6386572682121,1298.4083112154,14,2019,"Kusko"
101,"Aniak",34.856573034718,869.394514680492,10,2019,"Kusko"
102,"Aniak",35.7517431008429,2083.94990120489,10,2019,"Kusko"
103,"Aniak",36.2926673576334,2136.44106628938,10,2019,"Kusko"
104,"Aniak",32.3799628305456,2468.54185401823,10,2019,"Kusko"
105,"Big River",19.0387691749893,3279.23171641613,14,2019,"Kusko"
106,"Takotna and Nixon Fork",19.1131774224435,3287.01962889436,13,2019,"Kusko"
107,"Kwethluk",67.5561612085406,796.51850791616,4,2019,"Kusko"
108,"Kisaralik",26.6925724853482,2739.97282677841,14,2019,"Kusko"
109,"Big River",24.1717489148461,3594.7958204204,13,2019,"Kusko"
110,"Big River",22.6590645414958,3413.95915107429,14,2019,"Kusko"
111,"Kisaralik",27.8069333708534,3308.79120854363,11,2019,"Kusko"
112,"Big River",26.0432532438551,1788.63822846031,13,2019,"Kusko"
113,"Holitna",22.7805664027698,2202.52424611316,12,2019,"Kusko"
114,"Stony",18.4452120550391,1461.24741650513,13,2019,"Kusko"
115,"Kwethluk",47.3826547540854,793.138889333054,9,2019,"Kusko"
116,"Hoholitna",18.4881931522917,1584.68393582591,16,2019,"Kusko"
117,"Holitna",25.5907681997478,2323.83668929036,12,2019,"Kusko"
118,"Hoholitna",20.2682136442892,1674.5100378629,15,2019,"Kusko"
119,"Kwethluk",65.9762864183435,193.257480553584,3,2019,"Kusko"
120,"Hoholitna",24.6425722597369,2167.83061066399,14,2019,"Kusko"
121,"Holitna",19.9372111594181,1940.54891884798,12,2019,"Kusko"
122,"Swift",33.0521501050231,564.817384187987,7,2019,"Kusko"
123,"Middle Kusko Main",21.3668135726083,1631.87547254053,10,2019,"Kusko"
124,"Swift",27.3058815733455,1200.25427416314,10,2019,"Kusko"
125,"Aniak",23.8962253165905,1510.14294560761,10,2019,"Kusko"
126,"Big River",23.3029248153624,1591.86923987851,14,2019,"Kusko"
127,"Holitna",20.1034810199132,1711.76734864483,12,2019,"Kusko"
128,"Takotna and Nixon Fork",19.5919958708558,3665.39471564439,13,2019,"Kusko"
129,"Big River",22.5797895396707,3602.68349995269,14,2019,"Kusko"
130,"Hoholitna",22.8423217058112,4223.44407405629,15,2019,"Kusko"
131,"Holitna",25.0199115946455,5369.92739011065,13,2019,"Kusko"
132,"Aniak",25.5701940431782,3259.71352320846,10,2019,"Kusko"
133,"Kwethluk",52.099635344855,1655.37442672871,9,2019,"Kusko"
134,"Middle Kusko Main",22.8111828946503,3684.69762784022,11,2019,"Kusko"
135,"Takotna and Nixon Fork",19.9491495427424,3502.8109900106,13,2019,"Kusko"
136,"Aniak",28.7553183748304,2629.5463151089,10,2019,"Kusko"
137,"Aniak",35.1146172271534,2076.64393059902,10,2019,"Kusko"
138,"Aniak",26.4358486115404,3010.48206925046,10,2019,"Kusko"
139,"Aniak",22.6180491197757,3319.72046749349,10,2019,"Kusko"
140,"Aniak",25.6272330639474,3029.25046058675,10,2019,"Kusko"
141,"Big River",25.8461983516074,3768.19900883522,13,2019,"Kusko"
142,"Holitna",23.7288535248128,4713.88810144277,12,2019,"Kusko"
143,"Aniak",34.6622536727857,2072.94376065364,10,2019,"Kusko"
144,"Big River",26.709119852402,3645.75080425469,11,2019,"Kusko"
145,"Aniak",25.0303590461128,3063.86457045453,10,2019,"Kusko"
146,"Middle Kusko Main",22.0416418085606,4261.41909929378,10,2019,"Kusko"
147,"Holitna",25.2636044118098,6069.38394362875,12,2019,"Kusko"
148,"Hoholitna",23.5858456236552,4859.22413178548,15,2019,"Kusko"
149,"Big River",23.115044615943,4219.86281785267,14,2019,"Kusko"
150,"Kisaralik",23.6518363683233,4251.92798518707,11,2019,"Kusko"
151,"Swift",29.103259686093,2885.64532025338,10,2019,"Kusko"
152,"Kisaralik",28.1945051850104,4044.21317220053,11,2019,"Kusko"
153,"Holitna",23.5457154502171,5887.38038579502,12,2019,"Kusko"
154,"Aniak",28.8395261787789,3263.97738479406,10,2019,"Kusko"
155,"Stony",19.2009828883566,3800.74184318707,13,2019,"Kusko"
156,"Hoholitna",24.1894222556837,5937.06706799227,14,2019,"Kusko"
157,"Stony",20.9856226815131,3741.11332597883,12,2019,"Kusko"
158,"Aniak",28.0209829823873,3464.54544721306,10,2019,"Kusko"
159,"Holitna",25.6098920929736,5872.94080426709,13,2019,"Kusko"
160,"Middle Kusko Main",23.0151475724178,4048.21994013214,11,2019,"Kusko"
161,"Holitna",24.9639967487678,5981.63224535829,13,2019,"Kusko"
162,"Kwethluk",57.8126748010387,1649.62503966181,8,2019,"Kusko"
163,"Holitna",20.0098750403018,4734.9706625752,12,2019,"Kusko"
164,"Aniak",27.3329703501452,3416.48764942032,10,2019,"Kusko"
165,"Holitna",25.6453794785155,2492.08991634421,13,2019,"Kusko"
166,"Kisaralik",29.793815763396,1596.97792635976,11,2019,"Kusko"
167,"Hoholitna",23.9184147215306,2455.77494206666,14,2019,"Kusko"
168,"Takotna and Nixon Fork",18.7536474918607,1607.43465860702,13,2019,"Kusko"
169,"Takotna and Nixon Fork",19.1354418066914,1647.09802138668,13,2019,"Kusko"
170,"Holitna",24.6808512655944,2481.84325301468,13,2019,"Kusko"
171,"Big River",23.903162564806,1795.95448526759,13,2019,"Kusko"
172,"Kisaralik",29.8932192350565,1596.44045680665,12,2019,"Kusko"
173,"Aniak",24.8510344523933,1553.12247569037,10,2019,"Kusko"
174,"Big River",24.4207525842959,1853.90040575196,13,2019,"Kusko"
175,"N. Fork Kusko",65.4337684537233,156.493301886436,2,2019,"Kusko"
176,"Hoholitna",24.535094395676,2309.68707762802,14,2019,"Kusko"
177,"Takotna and Nixon Fork",18.5738941687697,1561.90942734231,13,2019,"Kusko"
178,"Big River",25.1490972537108,1946.51523453838,13,2019,"Kusko"
179,"Hoholitna",24.5368478230717,2217.77013335222,14,2019,"Kusko"
180,"Kwethluk",67.4245812584497,476.015183944638,6,2019,"Kusko"
181,"Aniak",24.836368575683,1551.69027791927,10,2019,"Kusko"
182,"Holitna",25.6792756674991,3463.52759738054,13,2019,"Kusko"
183,"Kisaralik",26.8669949077388,1945.94058539341,14,2019,"Kusko"
184,"Kisaralik",24.1353477998876,2400.2124981185,11,2019,"Kusko"
185,"Takotna and Nixon Fork",19.8381780037932,2304.96720338736,13,2019,"Kusko"
186,"Aniak",33.8300770855955,1635.89798792582,10,2019,"Kusko"
187,"Big River",25.1844904484649,2698.39847227674,13,2019,"Kusko"
188,"Big River",19.9147799655407,2325.36513316823,14,2019,"Kusko"
189,"Takotna and Nixon Fork",18.7105880758325,2239.44695394882,13,2019,"Kusko"
190,"Aniak",27.5615705224409,1992.57920278791,10,2019,"Kusko"
191,"Aniak",32.4094635459352,2636.04528956624,10,2019,"Kusko"
192,"Aniak",28.1363657226669,2942.89468140094,10,2019,"Kusko"
193,"Aniak",36.9640907954884,2200.95273543628,10,2019,"Kusko"
194,"Hoholitna",24.6202473604231,4329.890141454,15,2019,"Kusko"
195,"Holitna",25.2695904939028,5361.83854735118,13,2019,"Kusko"
196,"Holitna",25.0200914975247,5379.48382379703,13,2019,"Kusko"
197,"Aniak",32.4168129807752,1447.72701053091,10,2019,"Kusko"
198,"Aniak",30.5246209870785,1515.18832265032,10,2019,"Kusko"
199,"Aniak",23.8872172764223,1913.6145004441,10,2019,"Kusko"
200,"Swift",29.1956357348088,1389.49955076097,10,2019,"Kusko"
201,"Holitna",23.7880558004149,2777.02198756017,12,2019,"Kusko"
202,"Aniak",27.9447335183744,1649.12307595608,10,2019,"Kusko"
203,"Holitna",25.5908464638836,2892.78608289859,12,2019,"Kusko"
204,"Aniak",22.9363791937431,1925.45909998008,10,2019,"Kusko"
205,"Kisaralik",27.2850520055887,1606.01442481655,14,2019,"Kusko"
206,"Aniak",25.019701660239,1847.509233624,10,2019,"Kusko"
207,"Kisaralik",29.8733478895962,1046.0811231937,12,2019,"Kusko"
208,"Aniak",28.0949322531385,948.893060546393,10,2019,"Kusko"
209,"Middle Kusko Main",22.6600327512744,1180.33032946922,11,2019,"Kusko"
210,"Aniak",30.5027207317369,876.158931373384,10,2019,"Kusko"
211,"Aniak",28.2553862036588,931.668576948431,10,2019,"Kusko"
212,"Aniak",23.841644356864,1102.61081199981,10,2019,"Kusko"
213,"Swift",26.778270255713,1038.94257284955,10,2019,"Kusko"
214,"Big River",25.0441907887973,1315.13106223827,13,2019,"Kusko"
215,"Kwethluk",64.977080269722,163.569363264387,4,2019,"Kusko"
216,"Holitna",24.5658855862952,1679.73611094387,13,2019,"Kusko"
217,"Aniak",36.6004189480313,698.205023249637,10,2019,"Kusko"
218,"Stony",21.1869175804134,1029.88676696105,12,2019,"Kusko"
219,"Holitna",23.9752507411509,1622.57032640748,12,2019,"Kusko"
220,"Holitna",21.1635289688632,1487.77880538094,12,2019,"Kusko"
221,"Big River",22.2874977493285,1355.29133487807,14,2019,"Kusko"
222,"Aniak",36.2071401192751,832.000192108902,10,2019,"Kusko"
223,"Holitna",25.4560417436166,1991.90512852749,13,2019,"Kusko"
224,"Takotna and Nixon Fork",18.5533278243948,1286.84742642679,13,2019,"Kusko"
225,"Kisaralik",18.5078184836212,1332.13189298386,16,2019,"Kusko"
226,"Kwethluk",68.1152607632585,209.040718490044,4,2019,"Kusko"
227,"Kwethluk",49.356141292042,414.77941008395,9,2019,"Kusko"
228,"Aniak",35.7495384724975,589.957547448167,10,2019,"Kusko"
229,"Aniak",32.0831276846774,604.131723554533,10,2019,"Kusko"
1,"Holitna",24.3373719423174,2685.00447074931,14,2020,"Kusko"
2,"Swift",26.5270206261304,1365.2113701162,11,2020,"Kusko"
3,"Big River",25.8492596590628,2655.22369214387,13,2020,"Kusko"
4,"Swift",29.1117437001346,1638.51818200855,10,2020,"Kusko"
5,"Swift",26.2686351415627,1992.26055665316,10,2020,"Kusko"
6,"Swift",26.4359386142897,570.291405758853,7,2020,"Kusko"
7,"Swift",26.8714867312411,616.232454717217,7,2020,"Kusko"
8,"Big River",26.8766234200077,1287.75482039907,11,2020,"Kusko"
9,"Big River",23.3293049046694,1200.52818500316,13,2020,"Kusko"
10,"Big River",27.0873692906459,1282.5732657782,11,2020,"Kusko"
11,"Aniak",22.0742206797756,1157.75030864027,10,2020,"Kusko"
12,"Kisaralik",29.4137949544279,969.767719366503,12,2020,"Kusko"
13,"Middle Kusko Main",20.6431219405552,1180.59123294031,10,2020,"Kusko"
14,"Big River",24.3836697368649,1351.05005696065,13,2020,"Kusko"
15,"Big River",21.055397631417,1173.55916697535,14,2020,"Kusko"
16,"Aniak",34.6604099961558,2612.57601196178,10,2020,"Kusko"
17,"Aniak",24.1244497929619,3686.20614753913,10,2020,"Kusko"
18,"Big River",26.6373360705075,1519.11354395239,13,2020,"Kusko"
19,"Big River",26.9977468936546,1459.50036136315,11,2020,"Kusko"
20,"Big River",26.7169990780023,1514.7590522503,13,2020,"Kusko"
21,"Swift",30.8410048650611,605.320482538311,8,2020,"Kusko"
22,"Swift",26.6116036209578,1179.66575011278,10,2020,"Kusko"
23,"Big River",25.6504028815518,1355.1317931468,11,2020,"Kusko"
24,"Takotna and Nixon Fork",18.7943436412766,1298.97261482622,13,2020,"Kusko"
25,"Stony",20.8763906519259,1224.74734864644,12,2020,"Kusko"
26,"Big River",23.4732891125909,1717.90371091054,13,2020,"Kusko"
27,"Swift",26.7750039708144,1307.83859434353,10,2020,"Kusko"
28,"Aniak",31.1865523502526,1250.59047112793,10,2020,"Kusko"
29,"Swift",27.3995503513929,365.77480439298,7,2020,"Kusko"
30,"Middle Kusko Main",22.8445974186378,1727.49685130113,11,2020,"Kusko"
31,"Aniak",35.3781200402675,1092.83054046881,10,2020,"Kusko"
32,"Aniak",36.5264957631505,1024.9393900956,10,2020,"Kusko"
33,"N. Fork Kusko",56.3243520441386,164.660217756294,3,2020,"Kusko"
34,"Middle Kusko Main",23.1133925940144,1678.95068493945,11,2020,"Kusko"
35,"Swift",28.2157200769251,1224.40103745612,10,2020,"Kusko"
36,"Big River",23.9055066526619,1728.15079850014,13,2020,"Kusko"
37,"Aniak",33.8779944401904,1075.82430732657,10,2020,"Kusko"
38,"Swift",26.5777265864094,1253.78996220252,10,2020,"Kusko"
39,"Aniak",22.8621408642005,1497.45643331595,10,2020,"Kusko"
40,"Holitna",24.7024050925218,2241.42454908416,12,2020,"Kusko"
41,"Middle Kusko Main",20.6356957778188,1549.30160325207,10,2020,"Kusko"
42,"Holitna",21.5469772910497,1694.58837282834,12,2020,"Kusko"
43,"Big River",25.9686519645655,1419.70455739192,13,2020,"Kusko"
44,"Swift",26.6185208223827,1025.70630069673,10,2020,"Kusko"
45,"Kwethluk",49.5406631998297,617.355260581,9,2020,"Kusko"
46,"Takotna and Nixon Fork",19.3128289656107,1245.78164904418,13,2020,"Kusko"
47,"Big River",26.5139543597112,1416.46664171269,13,2020,"Kusko"
48,"E. Fork Kuskokwim",41.7000680536201,147.680829317202,5,2020,"Kusko"
49,"Aniak",31.6247679681133,2015.28154802481,10,2020,"Kusko"
50,"Kwethluk",65.1714578374882,929.585782822256,7,2020,"Kusko"
51,"Takotna and Nixon Fork",18.9697899118163,2635.26291831117,13,2020,"Kusko"
52,"Swift",26.6031764980076,640.209149588639,7,2020,"Kusko"
53,"Big River",25.7884882092269,2675.76019656923,11,2020,"Kusko"
54,"Middle Kusko Main",21.8879693774867,2673.27397707391,10,2020,"Kusko"
55,"Big River",24.4089831317914,2847.04204622899,13,2020,"Kusko"
56,"Big River",21.6299674402718,2583.12550700742,14,2020,"Kusko"
57,"Stony",21.0440980979383,1891.03776838829,14,2020,"Kusko"
58,"Big River",25.78738470155,2171.22916913715,11,2020,"Kusko"
59,"Kwethluk",32.7689618275972,1298.85524360992,10,2020,"Kusko"
60,"Big River",22.8052288892308,2128.24475031499,14,2020,"Kusko"
61,"Big River",25.0068811388804,2415.42659207429,13,2020,"Kusko"
62,"Aniak",23.7009860736233,2031.15860494355,10,2020,"Kusko"
63,"Big River",25.9031613028941,2141.21717961108,11,2020,"Kusko"
64,"Big River",24.4833491364094,2236.18725344783,13,2020,"Kusko"
65,"Hoholitna",24.9019675982469,2749.05658639513,14,2020,"Kusko"
66,"Holitna",25.5895893517817,3012.79659642739,12,2020,"Kusko"
67,"N. Fork Kusko",68.3799831326382,197.442099338187,2,2020,"Kusko"
68,"Kisaralik",24.3449502220542,2082.48189759831,11,2020,"Kusko"
69,"Swift",29.1995646889068,1393.57265414356,10,2020,"Kusko"
70,"Aniak",28.7538535799603,1560.01201466938,10,2020,"Kusko"
71,"Swift",25.8906601630969,1918.30172796793,11,2020,"Kusko"
72,"Stony",19.3699933189987,1798.60936882756,13,2020,"Kusko"
73,"Big River",26.9927446954262,2118.59353554705,11,2020,"Kusko"
74,"Stony",21.2278002332944,1785.44389528259,12,2020,"Kusko"
75,"Stony",21.1064368813462,1783.20273995485,12,2020,"Kusko"
76,"Big River",24.4979342921692,2258.03214295891,13,2020,"Kusko"
77,"Big River",24.1165586990834,2125.97627795591,13,2020,"Kusko"
78,"Hoholitna",24.7103701339841,2608.29772743053,14,2020,"Kusko"
79,"Big River",20.8353209156551,6677.9428078156,14,2020,"Kusko"
80,"Holitna",25.5497253873962,9878.88813262188,13,2020,"Kusko"
81,"Big River",26.0460931911899,6986.34262098146,11,2020,"Kusko"
82,"Middle Kusko Main",22.0620962636692,8074.91743627413,10,2020,"Kusko"
83,"Kisaralik",27.1584660325568,7669.51681736654,11,2020,"Kusko"
84,"Kisaralik",24.6552909731052,7866.82773449687,11,2020,"Kusko"
85,"Aniak",22.3638550327282,984.797216854124,10,2020,"Kusko"
86,"Hoholitna",22.3633785863733,1145.26608072914,15,2020,"Kusko"
87,"Holitna",25.6281957038058,1479.27847422906,13,2020,"Kusko"
88,"Holitna",25.2340470431165,1486.63136529239,13,2020,"Kusko"
89,"Holitna",24.4986791924131,1453.6018093292,13,2020,"Kusko"
90,"Stony",18.9031848441926,970.754316224278,14,2020,"Kusko"
91,"Big River",24.4181489729246,1099.58722001546,13,2020,"Kusko"
92,"Holitna",25.4188437239835,877.326709942099,13,2020,"Kusko"
93,"Stony",21.1833574033028,534.583494370949,12,2020,"Kusko"
94,"Hoholitna",24.1644287911366,846.052693242795,14,2020,"Kusko"
95,"Holitna",22.3113285402114,817.475867766403,12,2020,"Kusko"
96,"E. Fork Kuskokwim",32.2254844481717,84.6425382490815,5,2020,"Kusko"
97,"Swift",27.8802431572434,385.900060079187,10,2020,"Kusko"
98,"Hoholitna",24.5257916324259,763.509979393804,15,2020,"Kusko"
99,"Holitna",25.5909392160416,866.537903802605,12,2020,"Kusko"
100,"Holitna",24.6552823679991,871.613344867725,13,2020,"Kusko"
101,"Holitna",24.3662741511825,860.406242497032,14,2020,"Kusko"
102,"Holitna",24.2724862750953,858.74126460357,14,2020,"Kusko"
103,"Aniak",31.5766709981527,1233.35753971366,10,2020,"Kusko"
104,"Kwethluk",65.8076473799477,259.671330122687,3,2020,"Kusko"
105,"Holitna",24.7099048573021,2884.37377724567,13,2020,"Kusko"
106,"Big River",25.204690002726,2260.47488815805,13,2020,"Kusko"
107,"Big River",26.358610001396,2212.98609616703,13,2020,"Kusko"
108,"Big River",24.4661649089561,2169.43358079154,13,2020,"Kusko"
109,"Stony",18.9621320586079,1916.75338178683,14,2020,"Kusko"
110,"Kwethluk",65.7313931565904,651.704882363423,6,2020,"Kusko"
111,"Stony",19.8244682913599,1829.23776403137,14,2020,"Kusko"
112,"Kisaralik",24.9092616016315,1640.23864112665,14,2020,"Kusko"
113,"Hoholitna",22.4701005002495,2286.47156485648,15,2020,"Kusko"
114,"Holitna",24.4927376977942,2821.77915119893,12,2020,"Kusko"
115,"Swift",28.6575568758442,1357.54723377349,10,2020,"Kusko"
116,"Aniak",21.4357956520286,1948.74901389068,10,2020,"Kusko"
117,"Middle Kusko Main",20.6424218207407,1982.50379105025,10,2020,"Kusko"
118,"Holitna",24.3360650798955,5607.6026232654,14,2020,"Kusko"
119,"Big River",26.7726820820962,4281.04174399309,13,2020,"Kusko"
120,"Hoholitna",24.8166017736171,5169.50122310475,14,2020,"Kusko"
121,"Middle Kusko Main",21.3565962359536,3986.61057071609,10,2020,"Kusko"
122,"Middle Kusko Main",20.9187296860563,3968.85891545296,10,2020,"Kusko"
123,"Kisaralik",22.3850250407985,3450.31684020814,15,2020,"Kusko"
124,"Big River",19.7286623107302,3804.27858709344,14,2020,"Kusko"
125,"Hoholitna",24.4903896087801,4942.6676250499,15,2020,"Kusko"
126,"Takotna and Nixon Fork",19.9841250816578,3762.31728081184,13,2020,"Kusko"
127,"Aniak",28.2276593707056,1486.27970673795,10,2020,"Kusko"
128,"Middle Kusko Main",21.6337368160988,1848.40660887874,10,2020,"Kusko"
129,"Holitna",20.2861870017842,2232.23255643265,12,2020,"Kusko"
130,"Hoholitna",24.5508501444261,2437.52496294498,14,2020,"Kusko"
131,"Takotna and Nixon Fork",19.9482779208022,1749.66583384765,13,2020,"Kusko"
132,"Aniak",24.3431819597575,1642.24078187979,10,2020,"Kusko"
133,"Aniak",22.6416194534603,1783.16237913821,10,2020,"Kusko"
134,"Big River",19.6032069732384,8794.29137382021,14,2020,"Kusko"
135,"Aniak",29.2519296674048,1421.9922341625,10,2020,"Kusko"
136,"Kisaralik",28.2083691307666,1789.42378223043,11,2020,"Kusko"
137,"Big River",26.7619626377125,1999.42685297142,11,2020,"Kusko"
138,"Big River",26.1460454509209,1919.10536978578,11,2020,"Kusko"
139,"Stony",20.1143119284698,1672.26053408996,14,2020,"Kusko"
140,"Hoholitna",24.4003808367821,2324.4949512914,15,2020,"Kusko"
141,"N. Fork Kusko",52.2775723363761,172.485854373723,3,2020,"Kusko"
142,"Hoholitna",22.8968838600927,2147.93301476611,15,2020,"Kusko"
143,"Big River",19.9271847558849,1806.17083633086,14,2020,"Kusko"
144,"Kwethluk",63.3173954248198,1275.44794272241,7,2020,"Kusko"
145,"Kwethluk",63.2661158385806,1307.29995126106,7,2020,"Kusko"
146,"Middle Kusko Main",22.1579460740338,3671.37387945125,10,2020,"Kusko"
147,"Middle Kusko Main",23.2352464593476,3621.94593004319,10,2020,"Kusko"
148,"Big River",23.9007565803257,9462.5790510764,13,2020,"Kusko"
149,"Big River",22.5191340765255,3038.90078525952,14,2020,"Kusko"
150,"Takotna and Nixon Fork",18.4428366415532,2788.56263021398,13,2020,"Kusko"
151,"Takotna and Nixon Fork",19.9116211727673,2954.68152049475,13,2020,"Kusko"
152,"Holitna",20.1730192916323,3369.5976046347,12,2020,"Kusko"
153,"Takotna and Nixon Fork",18.7468277200563,1454.83074125979,13,2020,"Kusko"
154,"Kisaralik",21.205853883755,1426.66038745401,15,2020,"Kusko"
155,"Kwethluk",44.4221489509608,798.270150119761,9,2020,"Kusko"
156,"Kwethluk",34.1436491664524,950.657564102657,10,2020,"Kusko"
157,"Big River",22.6636336074306,1561.05831060763,14,2020,"Kusko"
158,"Hoholitna",18.486652114863,1536.85854879999,16,2020,"Kusko"
159,"Kwethluk",65.7294702773048,507.412722816617,6,2020,"Kusko"
160,"Takotna and Nixon Fork",19.6677234230683,1564.732799032,12,2020,"Kusko"
161,"Big River",23.5824120709217,1585.02314266503,13,2020,"Kusko"
162,"Aniak",24.9992719847356,843.87535726084,10,2020,"Kusko"
163,"Holitna",25.269810472681,1353.53493932814,13,2020,"Kusko"
164,"Aniak",25.2146251642709,826.723914500041,10,2020,"Kusko"
165,"Stony",20.5784176556191,817.043770617963,14,2020,"Kusko"
166,"Holitna",24.3695066210597,1315.41841179072,14,2020,"Kusko"
167,"N. Fork Kusko",50.3402673329463,85.4997135426589,3,2020,"Kusko"
168,"Holitna",24.3363823404769,1315.75497703722,14,2020,"Kusko"
169,"Swift",26.9382299600332,812.847186238134,10,2020,"Kusko"
170,"Kwethluk",61.1822956415016,357.492396145002,7,2020,"Kusko"
171,"Kwethluk",50.901140078309,430.836981449742,9,2020,"Kusko"
172,"Takotna and Nixon Fork",20.0407477782079,894.064393033865,13,2020,"Kusko"
173,"Big River",20.7354991239806,908.277485527228,14,2020,"Kusko"
174,"Aniak",29.0110335277587,708.820050135328,10,2020,"Kusko"
175,"Aniak",27.2788074847125,789.557325990792,10,2020,"Kusko"
176,"Aniak",27.8476325430187,759.88386760891,10,2020,"Kusko"
177,"Holitna",21.5749790521145,1216.7104136953,12,2020,"Kusko"
178,"Hoholitna",24.6526788667214,3904.84413530785,14,2020,"Kusko"
179,"Holitna",21.8075852228769,4003.7632439264,12,2020,"Kusko"
180,"Aniak",30.9486965853228,2231.6613531345,10,2020,"Kusko"
181,"Takotna and Nixon Fork",18.2149156623366,2700.36973214324,13,2020,"Kusko"
182,"Aniak",29.1407210250698,2280.03176809313,10,2020,"Kusko"
183,"Kwethluk",65.5672821814291,1010.76023727109,6,2020,"Kusko"
184,"Big River",22.4989454750753,2941.78757075596,14,2020,"Kusko"
185,"Takotna and Nixon Fork",20.0779814264403,2878.28278713212,13,2020,"Kusko"
186,"Aniak",35.6827330061973,480.59178862352,10,2020,"Kusko"
187,"Big River",25.1252823725221,888.642430490136,13,2020,"Kusko"
188,"Kisaralik",23.8994206715744,791.945398976879,11,2020,"Kusko"
189,"Aniak",24.1510696553889,744.483358111875,10,2020,"Kusko"
190,"Aniak",35.6901779361188,478.532433786813,10,2020,"Kusko"
191,"Big River",24.5191787204425,871.649159946061,13,2020,"Kusko"
192,"Big River",23.4805772065674,792.022727292215,13,2020,"Kusko"
193,"Holitna",24.6765718535217,7036.72162330857,12,2020,"Kusko"
194,"Big River",27.0182602704855,5312.72502950027,11,2020,"Kusko"
195,"Aniak",29.5796900168887,3730.406182332,10,2020,"Kusko"
196,"Big River",23.1454356396355,4943.53302818767,14,2020,"Kusko"
197,"Takotna and Nixon Fork",18.7608659904956,1363.73573774672,13,2020,"Kusko"
198,"Big River",26.9032523676697,1561.29154814264,11,2020,"Kusko"
199,"Kwethluk",32.3041961096499,888.926876911568,10,2020,"Kusko"
200,"Kwethluk",61.588199236192,542.517537408351,7,2020,"Kusko"
201,"Holitna",25.2338437536648,2124.88350494115,13,2020,"Kusko"
202,"Aniak",32.3695861848087,1044.85264405274,10,2020,"Kusko"
203,"Holitna",25.4253556580101,8031.25515562974,13,2020,"Kusko"
204,"Takotna and Nixon Fork",18.1467801397759,2405.6479521769,13,2020,"Kusko"
205,"Kisaralik",20.3638761496206,2482.83554258767,15,2020,"Kusko"
206,"Holitna",19.6578343060671,2803.74436659113,13,2020,"Kusko"
207,"Swift",30.2671514524132,1298.52619817182,8,2020,"Kusko"
208,"Holitna",24.6234279976219,3822.24158514923,13,2020,"Kusko"
209,"Holitna",24.4958991010979,3766.87144653943,12,2020,"Kusko"
210,"Hoholitna",24.5440514486932,1717.46878128819,14,2020,"Kusko"
211,"Aniak",24.472808943219,1173.29080694239,10,2020,"Kusko"
212,"Takotna and Nixon Fork",20.0497139890194,1226.99080382974,13,2020,"Kusko"
213,"Stony",20.9165031462566,1117.3949413985,12,2020,"Kusko"
214,"Takotna and Nixon Fork",19.4806707768199,1329.0253231011,13,2020,"Kusko"
215,"Takotna and Nixon Fork",19.8090308378041,1258.51076262664,13,2020,"Kusko"
216,"Hoholitna",24.6401985151259,1521.87231266168,15,2020,"Kusko"
217,"Aniak",29.9263263766879,953.04544928917,10,2020,"Kusko"
218,"Aniak",24.2089845332273,1199.27782581257,10,2020,"Kusko"
219,"Aniak",35.6877578729315,775.813507785015,10,2020,"Kusko"
220,"Takotna and Nixon Fork",19.8902475543751,395.606389223243,13,2020,"Kusko"
221,"Big River",24.5456237166834,448.679569402687,13,2020,"Kusko"
222,"Aniak",24.4122567479773,360.29496036905,10,2020,"Kusko"
223,"Aniak",24.8531501042671,360.325599473485,10,2020,"Kusko"
224,"Big River",24.528533421216,448.475286631576,13,2020,"Kusko"
225,"Middle Kusko Main",21.092675447374,405.532258326061,10,2020,"Kusko"
226,"Aniak",25.2443996353917,359.143525256605,10,2020,"Kusko"
227,"Aniak",25.0109494393911,1282.67873270622,10,2020,"Kusko"
228,"Aniak",37.064020329591,836.940831689681,10,2020,"Kusko"
229,"Big River",24.3173462497151,1505.43216413831,13,2020,"Kusko"
230,"Takotna and Nixon Fork",19.9491076532305,1338.33005760973,13,2020,"Kusko"
231,"Stony",18.62425699138,1251.95077934104,13,2020,"Kusko"
232,"Holitna",24.6734803241918,1995.9947365105,12,2020,"Kusko"
233,"Hoholitna",24.1886844587794,1958.76790487724,14,2020,"Kusko"
234,"Aniak",29.9928905146107,1039.83498810991,10,2020,"Kusko"
235,"Middle Kusko Main",22.8835239462529,1422.0663921735,11,2020,"Kusko"
236,"Aniak",36.1580747978002,880.776757623262,10,2020,"Kusko"
237,"Aniak",36.0118659750132,846.435610381722,10,2020,"Kusko"
238,"Kwethluk",67.3500751460575,655.528395533645,5,2020,"Kusko"
239,"Kisaralik",26.5078582894301,2017.74866621446,14,2020,"Kusko"
240,"Hoholitna",22.3967357135442,2886.78482267683,15,2020,"Kusko"
241,"Big River",24.2728827949391,2188.72568814962,13,2020,"Kusko"
242,"Aniak",37.0604674199785,1228.09451306004,10,2020,"Kusko"
243,"Kwethluk",38.931209055987,1187.4203256975,10,2020,"Kusko"
244,"Big River",24.4638732176273,2076.7085642694,13,2020,"Kusko"
245,"Aniak",24.4769593401672,1648.01445290646,10,2020,"Kusko"
1,"Kisaralik",28.2985486178495,1727.9269873921,11,2021,"Kusko"
2,"Big River",22.5454270163065,1583.74204206977,14,2021,"Kusko"
3,"Aniak",35.7298479952746,974.941274218216,10,2021,"Kusko"
4,"Kwethluk",44.4254791686516,817.125398829025,9,2021,"Kusko"
5,"Big River",26.6528547190688,1871.62030720926,11,2021,"Kusko"
6,"Swift",26.3563990779066,2610.57722724182,10,2021,"Kusko"
7,"Big River",26.472651871687,1008.50086990599,13,2021,"Kusko"
8,"Big River",24.573236078186,1001.74004806217,13,2021,"Kusko"
9,"Big River",25.7706061442835,930.44176260885,11,2021,"Kusko"
10,"Big River",26.8845728014759,981.731698393804,11,2021,"Kusko"
11,"Swift",26.2629349877202,841.151771184592,11,2021,"Kusko"
12,"Big River",24.4359530298448,7172.44506574471,13,2021,"Kusko"
13,"N. Fork Kusko",100,171.530711851183,1,2021,"Kusko"
14,"E. Fork Kuskokwim",33.8730582887873,890.026607689102,5,2021,"Kusko"
15,"Big River",26.9834374828635,2167.15924192943,11,2021,"Kusko"
16,"Big River",25.3324516392336,2058.45131382173,11,2021,"Kusko"
17,"Big River",24.3819185094334,2332.55028611787,13,2021,"Kusko"
18,"N. Fork Kusko",68.2893190853995,163.912934905447,2,2021,"Kusko"
19,"Big River",24.3743152151535,2187.96597330957,13,2021,"Kusko"
20,"Big River",26.9605522874397,2221.00925242857,11,2021,"Kusko"
21,"Aniak",27.3070382369223,1740.65375369755,10,2021,"Kusko"
22,"Holitna",20.6393894784703,2598.28033831484,12,2021,"Kusko"
23,"Big River",24.2882187096523,2205.06995635357,13,2021,"Kusko"
24,"Swift",27.9140137939877,1308.47510482864,10,2021,"Kusko"
25,"N. Fork Kusko",67.1800808708298,171.784204843556,2,2021,"Kusko"
26,"Takotna and Nixon Fork",19.9490878423368,1978.264514057,13,2021,"Kusko"
27,"Big River",26.0086616512259,2172.17027973937,13,2021,"Kusko"
28,"E. Fork Kuskokwim",48.5471843929701,201.817545309963,5,2021,"Kusko"
29,"E. Fork Kuskokwim",52.2910004122315,181.729477097707,5,2021,"Kusko"
30,"Holitna",24.7091976655108,2826.88100064643,13,2021,"Kusko"
31,"Takotna and Nixon Fork",19.0459843475415,1911.19419204995,13,2021,"Kusko"
32,"Big River",23.9102374953191,2048.96855232776,13,2021,"Kusko"
33,"Big River",27.0223168997208,2867.37651517592,11,2021,"Kusko"
34,"Kisaralik",29.3627784509064,2105.16444748338,12,2021,"Kusko"
35,"Big River",24.2725670650964,2818.60185970015,13,2021,"Kusko"
36,"Hoholitna",24.6270680197411,1901.48370395125,14,2021,"Kusko"
37,"Big River",24.3563106436175,1500.61394062806,13,2021,"Kusko"
38,"Big River",22.3448078992102,1397.7274103592,14,2021,"Kusko"
39,"Big River",22.0573663537319,1401.38628502568,14,2021,"Kusko"
40,"Big River",22.3407331145953,1397.62316026781,14,2021,"Kusko"
41,"Big River",24.4908996026163,1523.83035546682,13,2021,"Kusko"
42,"Big River",23.958868831529,2150.75761431865,13,2021,"Kusko"
43,"Aniak",29.9213326081658,1564.10091501879,10,2021,"Kusko"
44,"Aniak",35.5035658505286,1280.47546419581,10,2021,"Kusko"
45,"Takotna and Nixon Fork",19.501987713588,2103.41440032901,13,2021,"Kusko"
46,"Holitna",25.000131303758,2989.49667581539,12,2021,"Kusko"
47,"N. Fork Kusko",54.3375409044058,186.937345390171,3,2021,"Kusko"
48,"Kisaralik",23.492585394848,1668.77981428886,14,2021,"Kusko"
49,"Swift",31.2873857570917,804.660527533612,7,2021,"Kusko"
50,"Swift",30.6891291592402,852.610116255299,8,2021,"Kusko"
51,"Swift",26.4746892084255,1723.31979235971,11,2021,"Kusko"
52,"Big River",23.3389822032997,1895.91253716362,13,2021,"Kusko"
53,"Kisaralik",23.8055577629718,1902.40597555705,11,2021,"Kusko"
54,"Kisaralik",26.9694059712931,1816.73789923053,11,2021,"Kusko"
55,"Big River",20.5281509303672,1846.02154086176,14,2021,"Kusko"
56,"Big River",24.4723251846693,2045.05054839942,13,2021,"Kusko"
57,"Takotna and Nixon Fork",18.7434353815613,5110.19914215816,13,2021,"Kusko"
58,"Holitna",24.556966383341,3479.59770051753,12,2021,"Kusko"
59,"Kisaralik",23.6639294559017,2460.67980617304,11,2021,"Kusko"
60,"Swift",30.8410244676904,1063.83234742178,8,2021,"Kusko"
61,"Hoholitna",24.1630805441345,3431.11308681498,14,2021,"Kusko"
62,"Swift",27.413407395298,1528.26574379343,10,2021,"Kusko"
63,"Swift",28.3598020926796,1759.59711914946,10,2021,"Kusko"
64,"Big River",26.9946857006792,2631.80107011312,13,2021,"Kusko"
65,"Swift",28.2794092632351,964.040110851123,10,2021,"Kusko"
66,"Kisaralik",20.8563839617951,1362.09128997847,15,2021,"Kusko"
67,"Holitna",20.2029647449667,1829.32509479257,12,2021,"Kusko"
68,"Takotna and Nixon Fork",19.8406787305548,1421.45134154106,13,2021,"Kusko"
69,"Aniak",27.9081390681031,1213.77487520335,10,2021,"Kusko"
70,"Stony",20.5703798852611,1308.62726854849,14,2021,"Kusko"
71,"Stony",21.2171283688486,1301.01797615551,14,2021,"Kusko"
72,"Big River",24.4515620951359,1660.81099197369,13,2021,"Kusko"
73,"Kisaralik",26.5086434665206,1185.54471367477,14,2021,"Kusko"
74,"Aniak",29.0304442085522,1399.02139870779,10,2021,"Kusko"
75,"Holitna",25.3290430153467,2665.93082328442,13,2021,"Kusko"
76,"Kwethluk",36.8834673264822,1076.76160926324,10,2021,"Kusko"
77,"Aniak",36.0509784869384,1147.80026350536,10,2021,"Kusko"
78,"Kisaralik",24.115228252615,1516.90439386901,14,2021,"Kusko"
79,"Hoholitna",24.3519461396542,2502.37199989868,14,2021,"Kusko"
80,"Aniak",34.5823436055486,1114.56048016561,10,2021,"Kusko"
81,"Aniak",29.2584045269,1417.68513107426,10,2021,"Kusko"
82,"Kisaralik",24.5146678976889,1828.67582949065,11,2021,"Kusko"
83,"Aniak",33.9176743347659,1144.34024665466,10,2021,"Kusko"
84,"Big River",26.7108522709802,2025.68534737294,13,2021,"Kusko"
85,"Stony",19.2393146286117,1665.54710165375,13,2021,"Kusko"
86,"Kisaralik",26.4767084558644,1493.09484025909,14,2021,"Kusko"
87,"Aniak",36.3098166696471,2201.43673497834,10,2021,"Kusko"
88,"Kisaralik",29.2899256417129,3146.65827426338,12,2021,"Kusko"
89,"Big River",24.4365564218273,3904.87101361896,13,2021,"Kusko"
90,"Big River",22.8600237500575,1848.84026756255,14,2021,"Kusko"
91,"Holitna",20.2362888137868,2044.80761077608,12,2021,"Kusko"
92,"Big River",24.790900753735,2108.40372962885,13,2021,"Kusko"
93,"Holitna",23.7964655444957,2592.29084550668,12,2021,"Kusko"
94,"Swift",28.3323420903775,301.093232042093,7,2021,"Kusko"
95,"Swift",26.5729801082211,430.542233244732,7,2021,"Kusko"
96,"Kisaralik",19.2340256807272,1776.4397586421,15,2021,"Kusko"
97,"Hoholitna",24.6458934906787,2489.28594049977,14,2021,"Kusko"
98,"Aniak",26.6519126948143,1639.86945455062,10,2021,"Kusko"
99,"Aniak",26.8542725410702,1629.10072577644,10,2021,"Kusko"
100,"Aniak",32.0009936366567,1350.79158859753,10,2021,"Kusko"
101,"Big River",26.5135059792453,2045.24193285607,13,2021,"Kusko"
102,"Holitna",19.9976259633135,2240.2674969381,12,2021,"Kusko"
103,"Big River",24.5194044848971,2052.43170022278,13,2021,"Kusko"
104,"Big River",21.8987265678122,3686.00219825108,14,2021,"Kusko"
105,"Aniak",31.9959268277384,2711.14318796838,10,2021,"Kusko"
106,"Kisaralik",26.5615528468156,2989.06788541357,14,2021,"Kusko"
107,"Kwethluk",47.7100790250312,1806.35206418393,9,2021,"Kusko"
108,"Big River",26.1394531802089,2503.25536114526,11,2021,"Kusko"
109,"Holitna",25.8005056343581,3524.40583298923,13,2021,"Kusko"
110,"Holitna",24.6739477543244,3473.30752698086,12,2021,"Kusko"
111,"Big River",26.2299057073428,2536.20053542884,11,2021,"Kusko"
112,"Kwethluk",58.7271089482599,963.046330069776,8,2021,"Kusko"
113,"Big River",20.561314717009,2378.98149164243,14,2021,"Kusko"
114,"Hoholitna",21.545815792715,2650.05186862936,15,2021,"Kusko"
115,"Hoholitna",19.8678951773468,2465.89876714422,16,2021,"Kusko"
116,"Takotna and Nixon Fork",18.7597720234515,1571.46411388801,13,2021,"Kusko"
117,"Holitna",25.3818723240244,2410.06167585926,12,2021,"Kusko"
118,"Kwethluk",36.6118316599656,992.056690261003,10,2021,"Kusko"
119,"Takotna and Nixon Fork",19.6807210204491,1609.54241468432,13,2021,"Kusko"
120,"Big River",24.362327385811,2420.08531045637,13,2021,"Kusko"
121,"Aniak",27.6273855423357,1892.1695028836,10,2021,"Kusko"
122,"Stony",19.3258666374494,2137.30470794128,14,2021,"Kusko"
123,"Kwethluk",43.9449394562015,1187.84913260889,9,2021,"Kusko"
124,"Aniak",22.4771301077528,2227.79046084522,10,2021,"Kusko"
125,"Kwethluk",31.3829750033098,1409.56707490641,10,2021,"Kusko"
126,"Holitna",24.4928175300419,3209.59799016143,12,2021,"Kusko"
127,"Holitna",25.2389047937666,3350.4126065743,13,2021,"Kusko"
128,"Holitna",25.1457749847809,3125.49378698133,12,2021,"Kusko"
129,"Stony",19.0346472305823,1943.30793601539,13,2021,"Kusko"
130,"Middle Kusko Main",22.0372174590884,2196.51946332026,10,2021,"Kusko"
131,"Holitna",24.70226010642,3097.16357512647,12,2021,"Kusko"
132,"Holitna",24.7169873383314,3147.29156372248,13,2021,"Kusko"
133,"Big River",24.3532548937325,2302.43138589244,13,2021,"Kusko"
134,"Takotna and Nixon Fork",19.5322611330271,2203.85646714655,13,2021,"Kusko"
135,"Aniak",36.2483420541264,1332.06311960906,10,2021,"Kusko"
136,"Holitna",24.6788733060197,3116.75953543258,13,2021,"Kusko"
137,"Takotna and Nixon Fork",18.7662441932275,2025.25850876896,13,2021,"Kusko"
138,"Middle Kusko Main",23.3220606450227,2156.45910971111,11,2021,"Kusko"
139,"Takotna and Nixon Fork",19.2687946397154,2104.17770725401,13,2021,"Kusko"
140,"Holitna",23.8257890428033,3028.31629853947,12,2021,"Kusko"
141,"Kisaralik",29.3004454921781,1791.00226367199,12,2021,"Kusko"
142,"Big River",24.5232583846016,2401.11664295867,13,2021,"Kusko"
143,"Aniak",36.0716881260853,1328.47040304744,10,2021,"Kusko"
144,"Hoholitna",24.0839418245012,3060.11838860848,14,2021,"Kusko"
145,"Stony",19.605553607066,1929.38276714081,13,2021,"Kusko"
146,"Aniak",37.0572825780094,1298.69269178964,10,2021,"Kusko"
147,"Hoholitna",24.2955668122229,2983.85742438182,14,2021,"Kusko"
148,"Stony",21.0561211495965,1870.84197455415,12,2021,"Kusko"
149,"Kisaralik",21.7101613309532,1879.73338950678,15,2021,"Kusko"
150,"Aniak",36.4157901328336,1280.86751734983,10,2021,"Kusko"
151,"Aniak",24.48009595998,1941.43731921392,10,2021,"Kusko"
152,"Hoholitna",24.4862277289583,2852.59102380241,14,2021,"Kusko"
153,"Aniak",31.0531426855705,1564.3402232569,10,2021,"Kusko"
154,"Swift",27.3485359735702,1261.16089703505,9,2021,"Kusko"
155,"Kisaralik",22.9646400455112,6350.21029497953,14,2021,"Kusko"
156,"Kwethluk",51.4517810315627,3388.69384163415,9,2021,"Kusko"
157,"Middle Kusko Main",22.9643935886189,7400.53784819555,11,2021,"Kusko"
158,"Hoholitna",21.5300838266177,2443.77258013335,15,2021,"Kusko"
159,"Hoholitna",23.8634057002123,2617.10650070849,15,2021,"Kusko"
160,"Aniak",28.7344805992817,1748.55901556464,10,2021,"Kusko"
161,"Big River",24.4464041811387,2475.16238395466,13,2021,"Kusko"
162,"Stony",21.2168938759821,1989.82096155908,14,2021,"Kusko"
163,"Holitna",24.3373774496509,3221.73766854748,14,2021,"Kusko"
164,"Aniak",27.0362500066815,1949.35937268313,10,2021,"Kusko"
165,"Aniak",25.0185417496095,2078.58697066454,10,2021,"Kusko"
166,"Hoholitna",23.9737534794674,3209.36622251031,14,2021,"Kusko"
167,"Hoholitna",24.0293043821254,3200.55848439562,14,2021,"Kusko"
168,"Kisaralik",27.9488740012286,1781.40122827789,14,2021,"Kusko"
169,"Kwethluk",50.8746185865977,324.415093239313,9,2021,"Kusko"
170,"Kwethluk",61.4120523365479,263.873234395433,7,2021,"Kusko"
171,"Holitna",25.1737380328836,1021.76016530902,13,2021,"Kusko"
172,"Holitna",20.2592772462441,1564.41444691879,12,2021,"Kusko"
173,"Holitna",24.7024176510509,1794.77210245497,12,2021,"Kusko"
174,"Kwethluk",49.9900992721931,599.041520834411,9,2021,"Kusko"
175,"Aniak",28.8352264211236,969.143295121061,10,2021,"Kusko"
176,"Aniak",24.6578985653224,1126.65829265942,10,2021,"Kusko"
177,"Aniak",24.5315889675797,1130.42355598743,10,2021,"Kusko"
178,"Kisaralik",24.9970314166975,1373.76767076161,14,2021,"Kusko"
179,"Aniak",35.6255776340342,1022.17515676874,10,2021,"Kusko"
180,"Kwethluk",53.3016087131877,745.291703544567,9,2021,"Kusko"
181,"Kisaralik",26.4134403431976,1343.72042980098,14,2021,"Kusko"
182,"Aniak",25.2550013800708,1492.53711769126,10,2021,"Kusko"
183,"Hoholitna",24.2139825948131,1977.39872573254,15,2021,"Kusko"
184,"Holitna",23.7586423895308,2340.55605123168,12,2021,"Kusko"
185,"Big River",26.81810554474,1836.71733401796,13,2021,"Kusko"
186,"Aniak",23.7295545506439,1612.19747926716,10,2021,"Kusko"
187,"Swift",29.538693267593,856.926623430883,8,2021,"Kusko"
188,"Holitna",21.2301664379202,2165.75046455012,12,2021,"Kusko"
189,"Kisaralik",29.0915408735468,1587.76508078547,11,2021,"Kusko"
190,"Big River",20.3274174348132,1629.46572064894,14,2021,"Kusko"
191,"Big River",26.00857173315,1998.89908899214,13,2021,"Kusko"
192,"Kwethluk",60.8885584315509,705.241874396249,7,2021,"Kusko"
193,"Aniak",36.0764570838169,1138.34157727464,10,2021,"Kusko"
194,"Aniak",25.0101211102933,1663.6823082737,10,2021,"Kusko"
195,"Kwethluk",54.2495130553945,599.475628338077,9,2021,"Kusko"
196,"Aniak",34.8556131378951,897.624542003202,10,2021,"Kusko"
197,"Aniak",22.864278752511,1303.26279251559,10,2021,"Kusko"
198,"Big River",24.482470097904,1459.92786306773,13,2021,"Kusko"
199,"Aniak",25.0173912204842,1230.59908818667,10,2021,"Kusko"
200,"Kisaralik",28.0128136445216,1073.79607915469,14,2021,"Kusko"
201,"Aniak",25.0767165522061,1226.64140979586,10,2021,"Kusko"
202,"Aniak",25.2616580310756,1221.50835624045,10,2021,"Kusko"
203,"Stony",21.0861529266937,3068.723473716,14,2021,"Kusko"
204,"Kisaralik",26.6801934361568,2802.31772067498,14,2021,"Kusko"
205,"Hoholitna",24.1095689054219,4881.9246942549,14,2021,"Kusko"
206,"Kisaralik",29.1594156795125,3187.53007851614,12,2021,"Kusko"
207,"Kwethluk",56.2546851238818,1548.60792472333,8,2021,"Kusko"
208,"Big River",25.8491282732756,1644.46051225307,13,2021,"Kusko"
209,"Aniak",33.7751233405702,915.32086476643,10,2021,"Kusko"
210,"Aniak",36.0472526414744,916.328501495096,10,2021,"Kusko"
211,"Kisaralik",25.3718672007379,1204.88417859741,14,2021,"Kusko"
212,"Swift",26.8897089253588,1286.01958346584,10,2021,"Kusko"
213,"Big River",25.8125648117899,1434.51640973048,11,2021,"Kusko"
214,"Aniak",24.395496372331,1338.1350054393,10,2021,"Kusko"
215,"Holitna",21.4811028187318,1974.65618425556,12,2021,"Kusko"
216,"Aniak",36.1186582189284,922.359543076994,10,2021,"Kusko"
217,"Big River",25.9318465527369,1381.10209377174,11,2021,"Kusko"
218,"Big River",21.1656790158711,1323.51773903758,14,2021,"Kusko"
219,"Holitna",24.6790975245836,1943.87668914843,13,2021,"Kusko"
220,"Holitna",24.3648575259613,1931.6456115441,14,2021,"Kusko"
221,"Holitna",25.1169189435935,1950.68499073347,12,2021,"Kusko"
222,"Kwethluk",31.5241097389461,774.684208059407,10,2021,"Kusko"
223,"Aniak",24.1934573875473,1131.96677802406,10,2021,"Kusko"
224,"Holitna",25.2396480405707,1851.63993251337,13,2021,"Kusko"
225,"Big River",25.5261255228551,1576.77764865396,13,2021,"Kusko"
226,"Middle Kusko Main",20.7646624543749,1415.63943612098,10,2021,"Kusko"
227,"Holitna",25.5909539885452,2024.61029292942,12,2021,"Kusko"
228,"Holitna",25.6718544432913,2030.67511610954,13,2021,"Kusko"
229,"Aniak",25.0045815421327,2447.68037657093,10,2021,"Kusko"
230,"Holitna",24.4940990493977,3814.88825426371,14,2021,"Kusko"
231,"Aniak",24.4396777049883,1150.5019508844,10,2021,"Kusko"
232,"Middle Kusko Main",22.9978196680518,1305.000358936,11,2021,"Kusko"
233,"Middle Kusko Main",23.1266117990862,1307.27803399714,11,2021,"Kusko"
234,"Kisaralik",24.9670254113396,1045.48439054184,14,2021,"Kusko"
235,"Aniak",36.4820150903419,1111.9639065709,10,2021,"Kusko"
236,"Kwethluk",56.380044454813,749.21429036909,8,2021,"Kusko"
1,"Swift",26.8307863994796,2172.73334745397,10,2022,"Kusko"
2,"Swift",27.4401835494738,2221.07854072045,10,2022,"Kusko"
3,"Stony",21.1445165136343,2404.2208858202,12,2022,"Kusko"
4,"Hoholitna",24.7018697233447,3493.96064091098,14,2022,"Kusko"
5,"Holitna",24.6743672962631,3860.68779932965,12,2022,"Kusko"
6,"Kisaralik",30.3120409153517,2041.05857947379,12,2022,"Kusko"
7,"Big River",20.2829684957954,2202.16820374245,14,2022,"Kusko"
8,"Big River",26.6366889640425,2459.05838317595,13,2022,"Kusko"
9,"Kisaralik",30.0168905731167,2512.10299545401,12,2022,"Kusko"
10,"Stony",21.2277796140433,2450.3771346922,12,2022,"Kusko"
11,"Takotna and Nixon Fork",19.4835162395967,2895.83990199599,13,2022,"Kusko"
12,"Stony",19.1795847625671,2637.0158072153,14,2022,"Kusko"
13,"Swift",28.8509522254904,1481.91253636632,9,2022,"Kusko"
14,"Stony",20.8214318027316,1717.83038379618,12,2022,"Kusko"
15,"Kisaralik",29.0375749334009,1620.08353813913,12,2022,"Kusko"
16,"Big River",25.4060897120115,1916.57674233997,11,2022,"Kusko"
17,"Aniak",24.9337964544559,1728.06705436645,10,2022,"Kusko"
18,"Swift",29.1970730363573,1333.78591895141,10,2022,"Kusko"
19,"Kwethluk",64.9260537863808,319.004878385152,4,2022,"Kusko"
20,"Middle Kusko Main",21.9184355113041,1961.75396030905,10,2022,"Kusko"
21,"Swift",26.6628307232025,4228.85103146001,10,2022,"Kusko"
22,"Aniak",27.6389474564586,3897.32257278969,10,2022,"Kusko"
23,"Takotna and Nixon Fork",19.6092867522496,1511.89724533369,12,2022,"Kusko"
24,"Kwethluk",54.2318108646697,662.491980811745,9,2022,"Kusko"
25,"Aniak",33.9053913609943,929.16744300209,10,2022,"Kusko"
26,"Middle Kusko Main",23.0199893490219,1501.58442348004,11,2022,"Kusko"
27,"Big River",25.5087870131694,1836.4503979262,11,2022,"Kusko"
28,"Big River",26.6583117937099,1953.47254284715,11,2022,"Kusko"
29,"Hoholitna",21.739868896886,2005.82288068579,15,2022,"Kusko"
30,"Holitna",25.679491864443,2620.26811886909,13,2022,"Kusko"
31,"Kwethluk",33.9731038004854,1105.79279417131,10,2022,"Kusko"
32,"Holitna",25.687511870458,2631.28342337308,13,2022,"Kusko"
33,"Aniak",27.3378781182018,1528.3626948448,10,2022,"Kusko"
34,"Swift",28.1287969081092,1433.74880170804,10,2022,"Kusko"
35,"Big River",22.8602294224081,1960.09210365356,14,2022,"Kusko"
36,"Swift",31.1568149418421,802.789173615935,7,2022,"Kusko"
37,"Swift",28.9333785518889,1021.2957639468,9,2022,"Kusko"
38,"Big River",23.7253854746644,1989.00260404538,13,2022,"Kusko"
39,"Swift",26.8869124789719,1686.01458931318,10,2022,"Kusko"
40,"Kisaralik",28.8573122379896,1386.14328122531,11,2022,"Kusko"
41,"Big River",26.8016872982834,1520.96107743757,11,2022,"Kusko"
42,"Takotna and Nixon Fork",19.9103689584299,1396.04416606326,13,2022,"Kusko"
43,"Kisaralik",24.3517696335717,1443.35286192551,11,2022,"Kusko"
44,"Aniak",25.1529876780678,1300.09877777676,10,2022,"Kusko"
45,"Hoholitna",21.8624305914189,1560.20847725049,15,2022,"Kusko"
46,"Big River",24.2699329829219,1502.03182244918,13,2022,"Kusko"
47,"Takotna and Nixon Fork",18.8750032455929,1270.01257707898,13,2022,"Kusko"
48,"Holitna",19.5195351237563,1485.07893447195,13,2022,"Kusko"
49,"Kisaralik",19.2295485916113,1348.33398090831,15,2022,"Kusko"
50,"Holitna",25.1750866602197,2026.09192229987,12,2022,"Kusko"
51,"Holitna",21.0022902240105,1803.38605092607,12,2022,"Kusko"
52,"Big River",24.2898958454013,1502.62478406373,13,2022,"Kusko"
53,"Holitna",20.0144154458217,1503.05117676774,13,2022,"Kusko"
54,"Big River",21.9009082871441,1400.99442570781,14,2022,"Kusko"
55,"Holitna",25.5909384478011,2024.56492062807,12,2022,"Kusko"
56,"Holitna",24.7023699429729,2009.33238485141,12,2022,"Kusko"
57,"Stony",21.1434762672771,1241.49097028312,14,2022,"Kusko"
58,"Hoholitna",24.4824761749437,1770.79508229698,15,2022,"Kusko"
59,"Middle Kusko Main",22.0367006968722,1425.14775862516,10,2022,"Kusko"
60,"Aniak",24.3115357327505,1322.61353949383,10,2022,"Kusko"
61,"Big River",27.0843997263366,1508.95558295134,11,2022,"Kusko"
62,"Takotna and Nixon Fork",18.8797430691585,1270.1005070164,13,2022,"Kusko"
63,"E. Fork Kuskokwim",51.4102301540247,137.757644281754,5,2022,"Kusko"
64,"Kisaralik",23.7432462569953,1285.87607098319,14,2022,"Kusko"
65,"Kisaralik",25.400073152262,1239.48156672497,14,2022,"Kusko"
66,"Big River",20.2825400667705,1489.60396637985,14,2022,"Kusko"
67,"Kisaralik",25.1233960724722,1473.41098849185,11,2022,"Kusko"
68,"Aniak",35.9581778871711,936.949300046065,10,2022,"Kusko"
69,"Kisaralik",26.4571286679013,1474.7689018728,11,2022,"Kusko"
70,"Big River",24.4465023430808,1718.09370395053,13,2022,"Kusko"
71,"Aniak",22.9294650274808,1472.60995782731,10,2022,"Kusko"
72,"Holitna",25.2635840428001,2200.66553050906,12,2022,"Kusko"
73,"Takotna and Nixon Fork",19.619899967168,1529.08047939405,13,2022,"Kusko"
74,"Big River",23.3054146598924,1531.06408293784,14,2022,"Kusko"
75,"Big River",25.6454073655171,1546.3468141337,11,2022,"Kusko"
76,"Stony",19.4019863295647,1420.91739628103,14,2022,"Kusko"
77,"Hoholitna",19.0816064982773,1518.75001203784,16,2022,"Kusko"
78,"Aniak",22.8845585923473,1455.26911998178,10,2022,"Kusko"
79,"Aniak",37.0678389807515,914.873353835012,10,2022,"Kusko"
80,"Holitna",24.6139635447435,2172.28301054926,12,2022,"Kusko"
81,"Middle Kusko Main",21.3616572904636,1542.07569825441,10,2022,"Kusko"
82,"Kisaralik",24.0388619194848,1526.48378819474,11,2022,"Kusko"
83,"Kwethluk",40.0533835155399,857.110619666081,10,2022,"Kusko"
84,"Aniak",25.2899550916806,2202.08282217627,10,2022,"Kusko"
85,"Kwethluk",50.6122361429893,1154.60142063088,9,2022,"Kusko"
86,"Big River",21.5559589059002,2438.28182543257,14,2022,"Kusko"
87,"Big River",26.9918154631821,2586.46309920128,11,2022,"Kusko"
88,"Big River",18.9574631496948,2361.50076132841,14,2022,"Kusko"
89,"Hoholitna",22.4797518744375,2799.47861078665,15,2022,"Kusko"
90,"Swift",26.5478220130298,1973.54379378974,10,2022,"Kusko"
91,"Kisaralik",26.4597671151691,1983.70593957565,14,2022,"Kusko"
92,"Swift",30.6609253499267,1126.18269081491,8,2022,"Kusko"
93,"Kwethluk",45.6206171694384,1225.51469515053,9,2022,"Kusko"
94,"Aniak",28.2994044285198,1931.42826559227,10,2022,"Kusko"
95,"Middle Kusko Main",21.6151116379564,2495.53088312017,10,2022,"Kusko"
96,"Swift",26.8972900423318,2134.93920030797,10,2022,"Kusko"
97,"Big River",25.0868684925709,2785.18138599956,13,2022,"Kusko"
98,"Stony",18.6650556906752,2204.22998280715,13,2022,"Kusko"
99,"Stony",20.5839056151472,2178.1871739137,14,2022,"Kusko"
100,"Aniak",33.9466700413141,1697.70562414511,10,2022,"Kusko"
101,"Big River",23.5812440734305,2493.7746100406,13,2022,"Kusko"
102,"Takotna and Nixon Fork",19.4270756944289,2495.04162422284,13,2022,"Kusko"
103,"Kisaralik",29.7135637965441,1111.68717869565,13,2022,"Kusko"
104,"Aniak",24.8902017496141,1280.77282756554,10,2022,"Kusko"
105,"Big River",26.8825904182282,16691.979023361,11,2022,"Kusko"
106,"Holitna",24.4341609134664,21865.67619122,12,2022,"Kusko"
107,"Kwethluk",65.1683907829271,592.857460020325,7,2022,"Kusko"
108,"Aniak",36.6552428653431,1058.73098695424,10,2022,"Kusko"
109,"Kwethluk",47.0297227797194,860.56131834227,9,2022,"Kusko"
110,"Aniak",23.5992940748061,1654.85040422588,10,2022,"Kusko"
111,"Stony",19.3330954877924,1557.49409091385,13,2022,"Kusko"
112,"Hoholitna",21.0451168172059,1852.04645852217,15,2022,"Kusko"
113,"Big River",24.9613842817618,1973.30229615762,13,2022,"Kusko"
114,"Aniak",35.7304610383317,1060.88111260138,10,2022,"Kusko"
115,"Hoholitna",24.7354226001846,2275.80068636149,14,2022,"Kusko"
116,"Kisaralik",30.0545100782443,1595.046922266,12,2022,"Kusko"
117,"Kisaralik",28.9413783288275,1488.91188327961,12,2022,"Kusko"
118,"Takotna and Nixon Fork",18.7259339691159,1671.74680892794,13,2022,"Kusko"
119,"Aniak",20.3544950799922,1712.88317452331,10,2022,"Kusko"
120,"Takotna and Nixon Fork",18.8589375889375,1401.1760407041,13,2022,"Kusko"
121,"Aniak",22.937679881807,1463.01177421545,10,2022,"Kusko"
122,"Kisaralik",26.477268006256,1227.13333705469,14,2022,"Kusko"
123,"Holitna",23.8594598269333,2142.14986126855,12,2022,"Kusko"
124,"Kwethluk",42.9959810562557,810.03628051478,9,2022,"Kusko"
125,"Aniak",33.4259715297853,1068.10133378718,10,2022,"Kusko"
126,"Hoholitna",21.800952090964,1681.67165521125,15,2022,"Kusko"
127,"Kisaralik",24.6612026996129,1498.39593539634,11,2022,"Kusko"
128,"Big River",25.5249501583065,1711.44176620305,13,2022,"Kusko"
129,"Takotna and Nixon Fork",19.874720717852,1464.76098897462,13,2022,"Kusko"
130,"Aniak",24.9694370846474,1397.44868605264,10,2022,"Kusko"
131,"Big River",24.1652457506274,1606.72317166084,13,2022,"Kusko"
132,"Kisaralik",24.2592008537391,1523.65992565743,11,2022,"Kusko"
133,"Takotna and Nixon Fork",18.7040191645593,1424.86007850513,13,2022,"Kusko"
134,"Aniak",36.1186941565736,949.982658465797,10,2022,"Kusko"
135,"Big River",24.4509832717152,1447.7431324456,13,2022,"Kusko"
136,"Kisaralik",29.8945798825876,1248.85536843384,12,2022,"Kusko"
137,"Aniak",35.9581738708999,830.361018957195,10,2022,"Kusko"
138,"Kwethluk",37.3968670747732,802.666161715368,10,2022,"Kusko"
139,"Big River",24.2772147479779,1443.84889713474,13,2022,"Kusko"
140,"Kisaralik",25.1501147574929,1108.01931062754,14,2022,"Kusko"
141,"Holitna",25.7134047492049,1957.5827493094,13,2022,"Kusko"
142,"Hoholitna",24.7088745655776,1747.60150842997,14,2022,"Kusko"
143,"Holitna",24.6133353519233,1926.43345391191,12,2022,"Kusko"
144,"Takotna and Nixon Fork",20.0405899750691,1308.82199482821,13,2022,"Kusko"
145,"Swift",26.2337030526561,1117.60117047602,10,2022,"Kusko"
146,"Holitna",25.2055540354395,1984.98060337914,13,2022,"Kusko"
147,"Hoholitna",24.4719758538547,1720.12225944283,15,2022,"Kusko"
148,"Middle Kusko Main",20.6279592831712,1334.72253838008,10,2022,"Kusko"
149,"Takotna and Nixon Fork",19.4249138197347,1369.57634770191,13,2022,"Kusko"
150,"Middle Kusko Main",21.7580562506912,1369.59299794914,10,2022,"Kusko"
151,"Stony",18.9006476080898,1294.79391411193,14,2022,"Kusko"
152,"Middle Kusko Main",21.3497220439551,1369.15885203655,10,2022,"Kusko"
153,"Big River",24.4157585967362,1525.20854073672,13,2022,"Kusko"
154,"Aniak",37.0660123180851,810.58300541227,10,2022,"Kusko"
155,"Holitna",25.5717707100286,1967.99123973468,13,2022,"Kusko"
156,"Swift",32.1916417927022,508.629032699749,7,2022,"Kusko"
157,"Aniak",37.056540951081,809.81678474093,10,2022,"Kusko"
158,"Aniak",33.6414720177084,836.69708548772,10,2022,"Kusko"
159,"Kwethluk",47.7353483750981,761.494452908731,9,2022,"Kusko"
160,"Aniak",30.9314545988445,1169.44091273872,10,2022,"Kusko"
161,"Kisaralik",25.1437917917666,1514.22495248888,11,2022,"Kusko"
162,"Swift",27.6468564389673,917.137580972422,9,2022,"Kusko"
163,"Kisaralik",20.432891628968,1466.0726327738,15,2022,"Kusko"
164,"Big River",24.5754958958995,1719.96590839774,13,2022,"Kusko"
165,"Kwethluk",47.4300678243588,770.332356530353,9,2022,"Kusko"
166,"Aniak",20.7487741978851,1527.84548971513,10,2022,"Kusko"
167,"Kwethluk",47.2707133812717,770.961196780699,9,2022,"Kusko"
168,"Middle Kusko Main",22.741266028041,1570.07652166495,10,2022,"Kusko"
169,"Aniak",36.7356746720775,947.037680517744,10,2022,"Kusko"
170,"Holitna",19.6558332687126,1658.97813039481,13,2022,"Kusko"
171,"Big River",24.5098442155354,1710.96414127617,13,2022,"Kusko"
172,"Kwethluk",33.4725784307542,958.399021773212,10,2022,"Kusko"
173,"Big River",26.8638691689815,1669.92646781019,11,2022,"Kusko"
174,"Holitna",24.3353841166839,2233.80101472076,14,2022,"Kusko"
175,"Aniak",33.0587881349117,1116.8219290536,10,2022,"Kusko"
176,"Big River",23.2785876831892,1475.17898249796,14,2022,"Kusko"
177,"Aniak",30.945699952869,1093.62981756132,10,2022,"Kusko"
178,"Middle Kusko Main",23.5084051593845,1456.37983313332,11,2022,"Kusko"
179,"Aniak",36.3493108737396,898.509026482888,10,2022,"Kusko"
180,"Big River",26.1286216143203,1510.06312434232,11,2022,"Kusko"
181,"Middle Kusko Main",20.777963103123,1470.24963493771,10,2022,"Kusko"
182,"Aniak",32.6923912022378,1055.86989062713,10,2022,"Kusko"
183,"Takotna and Nixon Fork",18.2769442218285,1327.27597788326,13,2022,"Kusko"
184,"Takotna and Nixon Fork",18.3050398001821,1324.69347125717,13,2022,"Kusko"
185,"Kisaralik",24.6518306449788,1447.89545613973,11,2022,"Kusko"
186,"Aniak",24.5303730596846,1319.80377095836,10,2022,"Kusko"
187,"Kisaralik",30.3479126218099,1329.94031436188,12,2022,"Kusko"
188,"Swift",26.4760973415111,1200.30207358385,10,2022,"Kusko"
189,"Swift",26.3185909291345,1347.60981348027,11,2022,"Kusko"
190,"Swift",26.6311652500347,1182.0546234361,10,2022,"Kusko"
191,"Kisaralik",18.3955713616322,1434.10300658302,16,2022,"Kusko"
192,"Kisaralik",23.5117479778079,1237.01017780996,14,2022,"Kusko"
193,"Takotna and Nixon Fork",18.8426879099317,1421.3737799095,13,2022,"Kusko"
194,"Aniak",33.7507512376319,1016.74549217507,10,2022,"Kusko"
195,"Big River",26.6689395015817,2064.11384805071,11,2022,"Kusko"
196,"Kisaralik",18.4050769398866,1926.29467107694,16,2022,"Kusko"
197,"Middle Kusko Main",23.4646228619831,1980.66855119938,11,2022,"Kusko"
198,"Middle Kusko Main",23.1259298490085,2009.08613929885,11,2022,"Kusko"
199,"Holitna",25.5609174610995,2838.49014222354,12,2022,"Kusko"
200,"Takotna and Nixon Fork",18.9197563262271,1637.60312475714,13,2022,"Kusko"
201,"Kwethluk",35.6944995840341,1010.52267681381,10,2022,"Kusko"
202,"Middle Kusko Main",23.1169741689796,1685.95682723416,11,2022,"Kusko"
203,"Holitna",24.4657536455764,2430.18963221586,14,2022,"Kusko"
204,"Holitna",20.2592632367755,2110.13184079072,12,2022,"Kusko"
205,"Big River",26.907277840859,1826.17708749419,11,2022,"Kusko"
206,"Aniak",36.6005509363224,1018.59596295764,10,2022,"Kusko"
207,"Aniak",20.2547192544979,1671.5088614069,10,2022,"Kusko"
208,"Kwethluk",41.9625702074997,916.771922712183,9,2022,"Kusko"
209,"Stony",21.1846625396398,1508.70347014647,14,2022,"Kusko"
210,"Aniak",32.4056547750538,750.751455542539,10,2022,"Kusko"
211,"Holitna",25.455579590893,1516.97312753007,13,2022,"Kusko"
212,"Aniak",36.064663994864,638.288684985657,10,2022,"Kusko"
213,"Middle Kusko Main",22.7400563107854,1043.11265203861,10,2022,"Kusko"
214,"Aniak",24.4739653026739,939.360066889041,10,2022,"Kusko"
215,"Kwethluk",53.0579776357205,467.466580998323,9,2022,"Kusko"
216,"Kisaralik",28.5149852732742,4981.88108856607,11,2022,"Kusko"
217,"Aniak",30.9531210731525,1048.09625282609,10,2022,"Kusko"
218,"Aniak",32.3614372272158,1014.00276892754,10,2022,"Kusko"
219,"Big River",22.4214832684944,1389.51502069688,14,2022,"Kusko"
220,"Kisaralik",20.0263827797737,1321.35795796127,15,2022,"Kusko"
221,"Hoholitna",24.5601053042367,1711.989049179,15,2022,"Kusko"
222,"Kwethluk",41.1094262186553,767.952863956488,10,2022,"Kusko"
223,"Big River",24.501595319052,1591.43417814966,13,2022,"Kusko"
224,"Middle Kusko Main",22.8490473394949,1416.04244136256,11,2022,"Kusko"
225,"Kwethluk",46.5157616163611,699.082028771396,9,2022,"Kusko"
226,"Kwethluk",63.6149757662737,491.595969221663,7,2022,"Kusko"
227,"Kisaralik",29.6238508561453,2222.99162195316,11,2022,"Kusko"
228,"Holitna",24.6789517998766,3436.38503287983,13,2022,"Kusko"
229,"Aniak",32.9653216041286,1706.8422045609,10,2022,"Kusko"
230,"Aniak",28.2498270109374,1917.05962211324,10,2022,"Kusko"
231,"Holitna",25.2697117549516,3503.04001052501,13,2022,"Kusko"
232,"Big River",25.80904834064,3243.0919027608,13,2022,"Kusko"
233,"Kisaralik",24.8279888352069,1090.86940535047,14,2022,"Kusko"
234,"Kisaralik",25.8189523853346,1071.64447476713,14,2022,"Kusko"
235,"Kisaralik",29.6549184013371,1166.380546662,12,2022,"Kusko"
236,"Hoholitna",21.2240253108733,1410.56748865703,15,2022,"Kusko"
237,"Holitna",24.7095183053858,1907.09883415974,13,2022,"Kusko"
238,"Aniak",36.1476053239592,840.865499090593,10,2022,"Kusko"
239,"Aniak",35.8105524646462,849.050327950159,10,2022,"Kusko"
240,"Takotna and Nixon Fork",19.530914457085,1349.7026912167,13,2022,"Kusko"
241,"Aniak",26.8531958099369,2040.89301435537,10,2022,"Kusko"
242,"Takotna and Nixon Fork",18.7075306973108,2193.71375681261,13,2022,"Kusko"
243,"Holitna",23.5460569199152,3229.38830492534,12,2022,"Kusko"
244,"Hoholitna",22.8672419377588,2297.98039597569,15,2022,"Kusko"
245,"Big River",24.7960169173335,2254.51512591971,13,2022,"Kusko"
246,"Aniak",29.9162920171573,1486.51149222802,10,2022,"Kusko"
247,"Aniak",20.5953868206623,1941.79939388458,10,2022,"Kusko"
248,"Big River",24.7946392917722,2254.41479327054,13,2022,"Kusko"
249,"Holitna",21.722200854846,2582.64960009605,12,2022,"Kusko"
250,"Hoholitna",22.0907618050447,2157.27250661038,15,2022,"Kusko"
251,"Kisaralik",29.6538327879517,1523.29272338559,12,2022,"Kusko"
252,"Big River",26.9650578615935,2556.34334530234,11,2022,"Kusko"
253,"Aniak",25.0356235952802,2140.14704268786,10,2022,"Kusko"
254,"Big River",25.087238455246,1657.66177763833,13,2022,"Kusko"
255,"Kwethluk",44.3433494136914,785.135685873194,9,2022,"Kusko"
256,"Holitna",20.0616828294963,1702.05913629935,11,2022,"Kusko"
257,"Hoholitna",21.9863760539734,4287.52948962206,15,2022,"Kusko"
258,"Big River",22.2382765311715,1791.87038126003,14,2022,"Kusko"
259,"Aniak",29.9227478335077,2255.52581937239,10,2022,"Kusko"
