"mgmt_river","doy","avg_cumulative_percent","sd_cumulative_percent","n_years","min_cumulative_percent","max_cumulative_percent"
"Aniak",152,0.364798288283051,0.515902686820381,2,0,0.729596576566102
"Aniak",153,0.438024388947985,0.386869805945705,2,0.164466125727453,0.711582652168517
"Aniak",155,0.798139992439877,0.0127598351900718,2,0.789117426450155,0.8071625584296
"Aniak",156,1.23940203276396,1.52018893841285,2,0.164466125727453,2.31433793980047
"Aniak",158,1.58200630866956,0.737158416870665,3,0.8071625584296,2.27457635042146
"Aniak",159,2.29423862549582,0.0284247228840371,2,2.27413931119116,2.31433793980047
"Aniak",161,5.45108930463148,4.6928035562212,3,2.46290356568651,10.8599573540417
"Aniak",162,8.67370064133956,6.81723092769435,2,3.85319042345223,13.4942108592269
"Aniak",164,10.251302261106,4.75835211493492,3,5.07279090044531,14.4308975011961
"Aniak",165,12.4470334961216,6.7423586915985,2,7.67946594410028,17.214601048143
"Aniak",167,13.6987159369168,5.49248102308597,3,7.3597843133412,17.0437015273183
"Aniak",168,16.6984673657386,10.0730324641648,2,9.57575780321548,23.8211769282617
"Aniak",170,21.9191483337588,6.29030225286947,3,17.1763251113996,29.0547097477408
"Aniak",171,22.1262331162005,6.41639343597895,2,17.5891578068589,26.663308425542
"Aniak",173,35.1438876883143,17.9193418658103,3,23.6735933788001,55.7930240560093
"Aniak",174,34.3532880073203,6.89073681065548,2,29.4808012811341,39.2257747335066
"Aniak",176,49.5509068930166,16.2084124160654,3,36.9851800048736,67.8458273582112
"Aniak",177,40.3095171683258,5.92462691447837,2,36.1201733010978,44.4988610355538
"Aniak",179,65.7356719238837,16.4689383402478,3,52.0826579202184,84.0261370779721
"Aniak",180,55.7039322195128,1.94110997427647,2,54.3313601936731,57.0765042453526
"Aniak",182,78.6001728578851,18.3977397352511,3,62.3828349036735,98.5926665402448
"Aniak",183,65.994968946236,2.54065296529728,2,64.1984560058326,67.7914818866394
"Aniak",185,82.7024973003708,15.4417696679973,3,70.3060065323573,100
"Aniak",186,72.9090977380872,3.55368465696625,2,70.3962632189478,75.4219322572266
"Aniak",188,82.1480381749883,8.07965901531165,2,76.4348564955864,87.8612198543902
"Aniak",189,80.6266711786761,4.72493538454632,2,77.2856373275951,83.9677050297571
"Aniak",191,88.2054649834455,8.45211786951849,2,82.228915122521,94.1820148443701
"Aniak",192,87.4305545664286,6.00507279423819,2,83.1843268721039,91.6767822607533
"Aniak",194,93.9568130765388,4.36924733892473,2,90.8672886545039,97.0463374985738
"Aniak",195,91.7212474069414,3.66190178444131,2,89.1318918231238,94.310602990759
"Aniak",197,97.4014486584177,1.64595083847812,2,96.2375856590302,98.5653116578053
"Aniak",198,98.7240298092944,2.21004519924552,3,96.1720894278831,100
"Aniak",200,100,NA,1,100,100
"Aniak",201,100,NA,1,100,100
"Big River",152,0.168079864199337,0.23770082351253,2,0,0.336159728398673
"Big River",153,0,0,2,0,0
"Big River",155,2.60868538789856,3.37848711444795,2,0.219734239121048,4.99763653667608
"Big River",156,1.76027785391674,1.23047458863518,2,0.890200928215073,2.63035477961841
"Big River",158,7.45017137216391,7.83915560883088,3,0,15.6276239067329
"Big River",159,8.72374140327886,0.436802592171578,2,8.41487532831447,9.03260747824324
"Big River",161,16.3620174420865,16.4525769955334,3,2.31551739256294,34.4626844520035
"Big River",162,23.2166141251948,7.32478185974567,2,18.0372112014564,28.3960170489331
"Big River",164,25.9499762905621,20.5580503029109,3,3.98305517955067,44.726011191813
"Big River",165,30.4969902648136,12.9266380237332,2,21.3564768602879,39.6375036693392
"Big River",167,41.1111434956067,21.818872033682,3,16.4582549196063,57.9364199061329
"Big River",168,39.0881371045277,10.790626631399,2,31.4580118402134,46.7182623688421
"Big River",170,49.0563208356628,24.8409895182276,3,21.503868602723,69.7406249922515
"Big River",171,48.3118117994171,9.09135043512034,2,41.8832562566003,54.740367342234
"Big River",173,60.3052826918674,24.1805779741095,3,35.6821120005337,84.017523720041
"Big River",174,58.5503676740966,10.5306216807459,2,51.1040936735311,65.9966416746621
"Big River",176,75.7495899969647,13.276678920883,3,61.6741163954191,88.0485990143563
"Big River",177,66.2048102214053,11.4708389894981,2,58.0937021860322,74.3159182567785
"Big River",179,85.1053213475135,9.65643032699783,3,76.4873844204801,95.541688851522
"Big River",180,75.5136527875408,11.5053276956575,2,67.378157554168,83.6491480209136
"Big River",182,91.5731013129874,8.42424845329427,3,83.1515055970328,100
"Big River",183,81.7970058254731,6.41976223001093,2,77.2575484190271,86.336463231919
"Big River",185,96.2860145714485,4.72354888561432,3,90.9697375016783,100
"Big River",186,85.3534071727136,3.53105017294812,2,82.8565776507121,87.8502366947152
"Big River",188,96.8657252349803,2.08178699178323,2,95.3936795361044,98.3377709338562
"Big River",189,89.3180015527228,3.87883725512971,2,86.5752494265016,92.060753678944
"Big River",191,98.8507037683751,1.54800331596335,2,97.7561001263582,99.9453074103921
"Big River",192,95.5431300848533,1.77962838324181,2,94.284742787071,96.8015173826357
"Big River",194,99.0122701333187,1.31951397143677,2,98.0792328562454,99.9453074103921
"Big River",195,98.1022702858904,2.6837950994122,2,96.2045405717808,100
"Big River",197,99.8799841654827,0.169728020873856,2,99.7599683309654,100
"Big River",198,99.1270996966444,1.51190767535423,3,97.3812990899331,100
"Big River",200,100,NA,1,100,100
"Big River",201,100,NA,1,100,100
"E. Fork Kuskokwim",152,0,0,2,0,0
"E. Fork Kuskokwim",153,0,0,2,0,0
"E. Fork Kuskokwim",155,2.19796084366856,2.52546464759251,2,0.412187665709001,3.98373402162812
"E. Fork Kuskokwim",156,0.538146599233705,0.515713951473676,2,0.173481766994159,0.902811431473251
"E. Fork Kuskokwim",158,2.2976857586175,2.97425753181741,3,0,5.65711407657307
"E. Fork Kuskokwim",159,12.153818625105,13.1010056875854,2,2.89000866304991,21.4176285871602
"E. Fork Kuskokwim",161,13.8333821001041,8.69535503002391,3,4.02686614237294,20.6030223217687
"E. Fork Kuskokwim",162,47.8895055677445,5.81626708846881,2,43.776783668296,52.0022274671929
"E. Fork Kuskokwim",164,29.0472858867927,18.3601376476228,3,9.97038435364453,46.5950141089544
"E. Fork Kuskokwim",165,52.4611066067665,0.196169050196962,2,52.3223941411133,52.5998190724197
"E. Fork Kuskokwim",167,48.387341597483,25.1891970657496,3,23.0806894284689,73.4574170881176
"E. Fork Kuskokwim",168,65.7450795977838,4.43987492560498,2,62.6056139302684,68.8845452652992
"E. Fork Kuskokwim",170,54.3122706703407,29.4792376294914,3,23.3506108431614,82.0428828993654
"E. Fork Kuskokwim",171,76.7315154267187,5.70651597399037,2,72.6963992845607,80.7666315688766
"E. Fork Kuskokwim",173,60.2479374799799,28.7789825165554,3,31.798135863918,89.3451758881746
"E. Fork Kuskokwim",174,83.0028801272114,13.2615266271191,2,73.6255647202895,92.3801955341333
"E. Fork Kuskokwim",176,65.7389429385315,25.2543427715425,3,39.1734021737361,89.4373679680483
"E. Fork Kuskokwim",177,86.4287650354847,9.17446712497391,2,79.9414371176426,92.9160929533268
"E. Fork Kuskokwim",179,78.0700175410327,21.6402508501521,3,54.0500769853677,96.0450778126749
"E. Fork Kuskokwim",180,88.1519920653039,10.4413056309499,2,80.7688740492179,95.5351100813898
"E. Fork Kuskokwim",182,86.3734689815254,15.1816138513677,3,70.0093062142316,100
"E. Fork Kuskokwim",183,92.4716440250613,4.53413088190716,2,89.2655293316774,95.6777587184451
"E. Fork Kuskokwim",185,89.9962222742383,10.3967897061508,3,79.2465895405774,100
"E. Fork Kuskokwim",186,94.952920717705,1.1840701178248,2,94.1156567079907,95.7901847274192
"E. Fork Kuskokwim",188,89.6831088946274,14.4810583591991,2,79.4434543300795,99.9227634591752
"E. Fork Kuskokwim",189,96.2450346819791,2.68337670262974,2,94.3476008190716,98.1424685448866
"E. Fork Kuskokwim",191,92.0017601159112,11.3112193191918,2,84.0035202318223,100
"E. Fork Kuskokwim",192,97.4306044021322,3.31337561777667,2,95.0876940341842,99.7735147700803
"E. Fork Kuskokwim",194,94.4284214585961,7.87940193708036,2,88.8568429171921,100
"E. Fork Kuskokwim",195,99.879882936334,0.169871180508851,2,99.759765872668,100
"E. Fork Kuskokwim",197,97.098822331947,4.10288480501448,2,94.197644663894,100
"E. Fork Kuskokwim",198,99.9407792529803,0.102573342700227,3,99.822337758941,100
"E. Fork Kuskokwim",200,100,NA,1,100,100
"E. Fork Kuskokwim",201,100,NA,1,100,100
"George",152,0.552920699894677,0.781947952707877,2,0,1.10584139978935
"George",153,0.902724660988704,1.27664545865888,2,0,1.80544932197741
"George",155,1.41200179328434,0.432976180742085,2,1.10584139978935,1.71816218677932
"George",156,0.902724660988704,1.27664545865888,2,0,1.80544932197741
"George",158,1.25575981052001,1.10003742613246,3,0,2.04911724478072
"George",159,0.902724660988704,1.27664545865888,2,0,1.80544932197741
"George",161,3.31864418568417,2.94130563369817,3,1.52463734439147,6.71313302588171
"George",162,4.67715864176445,3.47364033692555,2,2.22092400412127,7.13339327940763
"George",164,6.90901668768632,7.56247637852191,3,1.77495309118282,15.5934083916486
"George",165,9.32128229296443,4.5947940995019,2,6.0722722270507,12.5702923588782
"George",167,12.1211825177621,8.41238236283337,3,7.1557985735653,21.8341510221616
"George",168,10.5196911780163,4.43201438695831,2,7.38578375068172,13.6535986053508
"George",170,22.6449943082299,7.55650859457989,3,17.5313046847814,31.324620837951
"George",171,18.8578335775562,8.74751212977093,2,12.6724084320836,25.0432587230288
"George",173,34.4484550350997,13.5476495506606,3,22.9046921951243,49.3633645622473
"George",174,27.7863294249506,6.92560771906425,2,22.8891852429624,32.6834736069389
"George",176,56.8195436244608,16.5033136166723,3,43.7110119259061,75.3522967681018
"George",177,36.8744011932232,7.24331831259913,2,31.7526016960917,41.9962006903548
"George",179,70.399412829772,17.603615836526,3,60.1242318583156,90.7259065847575
"George",180,58.5735807618366,14.3691124540414,2,48.4130839059518,68.7340776177213
"George",182,82.8094479208188,14.8878064084614,3,74.1118534295927,100
"George",183,63.2188583941665,19.2812605134379,2,49.5849483352902,76.8527684530429
"George",185,89.2715953545277,10.5097341964768,3,78.9951111584816,100
"George",186,71.7083057898349,14.442608477365,2,61.4958393974678,81.920772182202
"George",188,89.8731320207266,6.86266069813583,2,85.0204981040923,94.7257659373608
"George",189,76.6724143536367,9.99826266521409,2,69.6025750229795,83.7422536842939
"George",191,92.3157349607621,6.14555488028666,2,87.9701714307573,96.6612984907668
"George",192,85.6020430488285,4.39607238454637,2,82.4935504551288,88.7105356425281
"George",194,94.1109306432881,3.60676479894472,2,91.5605627958093,96.6612984907668
"George",195,96.5637302106866,1.0790340483663,2,95.8007379179556,97.3267225034176
"George",197,97.6959901093912,3.25836203514067,2,95.3919802187825,100
"George",198,100,0,3,100,100
"George",200,100,NA,1,100,100
"George",201,100,NA,1,100,100
"Hoholitna",152,0.396263789375551,0.56040162521226,2,0,0.792527578751103
"Hoholitna",153,0.679239966083124,0.960590372140596,2,0,1.35847993216625
"Hoholitna",155,1.58547431559403,0.305607748095575,2,1.3693770045325,1.80157162665556
"Hoholitna",156,0.932304201702974,0.610365937257702,2,0.50071030846277,1.36389809494318
"Hoholitna",158,3.02855046719458,2.98422491067361,3,0,5.96638106263297
"Hoholitna",159,1.76610272837955,1.22289131399771,2,0.901387987597643,2.63081746916146
"Hoholitna",161,6.70976975276138,7.52554902571833,3,1.58427290914882,15.3495939284215
"Hoholitna",162,6.56805452783647,2.92452995784011,2,4.50009956286452,8.63600949280841
"Hoholitna",164,12.4166189327718,10.1166007895403,3,4.7056076208617,23.8715219296758
"Hoholitna",165,10.9304470812269,5.67373334718445,2,6.91851175678849,14.9423824056652
"Hoholitna",167,20.7795344464103,9.81124417639678,3,11.0843664789639,30.7028746152876
"Hoholitna",168,14.3651040663568,5.62689813951562,2,10.3862862348593,18.3439218978543
"Hoholitna",170,30.6333207529894,9.64220500357765,3,21.863241409606,40.9585959893778
"Hoholitna",171,22.873903146609,7.18198636298805,2,17.7954718869508,27.9523344062671
"Hoholitna",173,41.4752269270891,13.5963540806109,3,33.5477984222942,57.1746879499895
"Hoholitna",174,32.0528617865776,5.79446896338583,2,27.9555534891925,36.1501700839627
"Hoholitna",176,62.0966262238176,14.3879571319157,3,48.8264650449338,77.388520727436
"Hoholitna",177,41.9447446012065,6.08445242130039,2,37.642387034298,46.2471021681149
"Hoholitna",179,75.4738370188156,14.7208318407447,3,65.794247390736,92.4145428959722
"Hoholitna",180,61.1540682158176,10.6978265602932,2,53.5895625110767,68.7185739205584
"Hoholitna",182,86.786397634961,11.4885003640328,3,79.1616696287666,100
"Hoholitna",183,69.4001456315781,14.581133087369,2,59.089727548116,79.7105637150403
"Hoholitna",185,91.608222000595,8.60163789756372,3,82.8110591525619,100
"Hoholitna",186,76.1268213012112,11.0476436592008,2,68.3149575536577,83.9386850487647
"Hoholitna",188,92.8618162264163,5.98790683992293,2,88.6277266947935,97.0959057580391
"Hoholitna",189,80.4203894696569,7.88426176847384,2,74.8453745085192,85.9954044307946
"Hoholitna",191,95.6522854964902,4.56170547507941,2,92.4266726212857,98.8778983716946
"Hoholitna",192,88.1414439630488,4.08638884900101,2,85.251930697355,91.0309572287425
"Hoholitna",194,97.364506681218,2.14025905385475,2,95.8511149907414,98.8778983716946
"Hoholitna",195,96.15640206816,2.29470817627191,2,94.5337983558739,97.7790057804461
"Hoholitna",197,98.5900763134275,1.99393319946184,2,97.1801526268551,100
"Hoholitna",198,99.6853126853545,0.54505441746334,3,99.0559380560636,100
"Hoholitna",200,100,NA,1,100,100
"Hoholitna",201,100,NA,1,100,100
"Holitna and Hoholitna",152,0.41013142073542,0.350352824492795,2,0.162394562728703,0.657868278742135
"Holitna and Hoholitna",153,0.829843626253201,0.857956378226491,2,0.223176853246999,1.4365103992594
"Holitna and Hoholitna",155,1.21797169510561,0.320846778239289,2,0.991098762490755,1.44484462772047
"Holitna and Hoholitna",156,0.951997442550545,0.685204794523156,2,0.467484485841687,1.4365103992594
"Holitna and Hoholitna",158,1.57253057759274,1.16931472198487,3,0.447785838175622,2.78182556432415
"Holitna and Hoholitna",159,1.20555668695223,1.04379171682109,2,0.467484485841687,1.94362888806277
"Holitna and Hoholitna",161,4.6392802096485,4.58699330857461,3,1.77500334828707,9.92984398741193
"Holitna and Hoholitna",162,4.56084801527426,0.185699757044461,2,4.42953845780343,4.6921575727451
"Holitna and Hoholitna",164,9.43027374717767,7.07041873639906,3,4.75365651691282,17.5640771271438
"Holitna and Hoholitna",165,8.27559769384203,1.15488505434294,2,7.45897064042514,9.09222474725892
"Holitna and Hoholitna",167,15.0659119188632,7.40135930793778,3,8.82996739573361,23.2449973518098
"Holitna and Hoholitna",168,10.5689597876491,1.2482469548523,2,9.68631590127762,11.4516036740207
"Holitna and Hoholitna",170,24.6326885929367,7.33713329997409,3,19.9340190441471,33.0873819493516
"Holitna and Hoholitna",171,18.5911328729532,4.54744538839765,2,15.3756034017418,21.8066623441647
"Holitna and Hoholitna",173,36.4788070700374,14.0675747610113,3,25.9357645741771,52.4521903454142
"Holitna and Hoholitna",174,28.5671866563457,1.87113120305475,2,27.2440970941759,29.8902762185154
"Holitna and Hoholitna",176,56.4475800225732,15.8845553211966,3,42.87336641839,73.9176003562422
"Holitna and Hoholitna",177,37.9915791900811,2.34945757575022,2,36.330261806158,39.6528965740041
"Holitna and Hoholitna",179,71.0654800843538,16.5361577054119,3,59.5193858863628,90.0089597212956
"Holitna and Hoholitna",180,57.521502774584,7.57003619271345,2,52.1686788488888,62.8743267002793
"Holitna and Hoholitna",182,83.1098736606038,14.6627026055503,3,72.3692442455009,99.8148258799764
"Holitna and Hoholitna",183,65.6008242456551,13.7555882594275,2,55.8741545082038,75.3274939831063
"Holitna and Hoholitna",185,88.0801470375036,11.4106623953967,3,77.2580147485927,100
"Holitna and Hoholitna",186,73.1114969587371,11.1242909496336,2,65.245435392359,80.9775585251151
"Holitna and Hoholitna",188,88.9784594790301,7.627259803148,2,83.5851723503526,94.3717466077076
"Holitna and Hoholitna",189,77.8869372713413,8.26217558892888,2,72.0446968850557,83.7291776576269
"Holitna and Hoholitna",191,92.4034233164304,6.33249998909611,2,87.9256696322768,96.881177000584
"Holitna and Hoholitna",192,86.3558041049104,4.90615247368869,2,82.88663042123,89.8249777885908
"Holitna and Hoholitna",194,95.2267280044803,3.1470417372404,2,93.0014334514005,97.4520225575601
"Holitna and Hoholitna",195,95.2224788650183,1.97402385563247,2,93.8266332104766,96.61832451956
"Holitna and Hoholitna",197,97.849603959926,2.52616158187249,2,96.063337975011,99.635869944841
"Holitna and Hoholitna",198,99.8198474063241,0.312033445361969,3,99.4595422189723,100
"Holitna and Hoholitna",200,100,NA,1,100,100
"Holitna and Hoholitna",201,100,NA,1,100,100
"Holokuk",152,0.299487818730954,0.42353973501485,2,0,0.598975637461908
"Holokuk",153,0.89369737568524,1.26387894935131,2,0,1.78739475137048
"Holokuk",155,1.2085100048082,0.862011769033624,2,0.598975637461908,1.81804437215448
"Holokuk",156,1.02139026127125,1.4444639599656,2,0,2.0427805225425
"Holokuk",158,2.35471255709356,1.52765433579374,3,0.598975637461908,3.38012311751516
"Holokuk",159,2.25016116578336,0.293280518244887,2,2.0427805225425,2.45754180902423
"Holokuk",161,6.02198495145227,5.09601365113438,3,2.78937003354248,11.8964617032992
"Holokuk",162,7.68578527868034,5.24181881316765,2,3.97925965013828,11.3923109072224
"Holokuk",164,11.5061284648417,5.16837509446414,3,7.57157769806026,17.359479479868
"Holokuk",165,10.5010455300112,6.07136635466985,2,6.20794120955626,14.7941498504661
"Holokuk",167,13.6622056143721,5.1689167255388,3,8.92390290709968,19.174455074375
"Holokuk",168,15.7880278126419,7.2239058790455,2,10.6799549789154,20.8961006463683
"Holokuk",170,19.4751061411606,7.02559397608661,3,15.1785886853256,27.5827208771215
"Holokuk",171,21.159765986671,4.4995991207849,2,17.9780689357429,24.341463037599
"Holokuk",173,34.4818694485361,21.6186850503413,3,18.6376128569093,59.1099006861203
"Holokuk",174,38.3116590772234,12.7257560946095,2,29.313190646999,47.3101275074478
"Holokuk",176,50.8541066400855,19.3634134459045,3,38.3260067336485,73.1564487351683
"Holokuk",177,42.1310054554864,13.1746969952085,2,32.8150878700965,51.4469230408764
"Holokuk",179,67.710257587352,16.7267526037152,3,53.4572041240497,86.1249242408448
"Holokuk",180,57.3602884186196,12.4078546829096,2,48.586610232357,66.1339666048822
"Holokuk",182,80.4209662516914,17.9910513908773,3,64.265648646994,99.8093374528107
"Holokuk",183,71.23092647262,7.13071651891505,2,66.1887484673763,76.2731044778638
"Holokuk",185,84.1089463443421,14.2258272512191,3,72.5606467973037,100
"Holokuk",186,77.3266978215419,4.41867604428636,2,74.2022220267605,80.4511736163233
"Holokuk",188,82.7750460748048,7.60436782179049,2,77.39794602138,88.1521461282296
"Holokuk",189,84.941767938226,0.872640395985589,2,84.3247179966872,85.5588178797647
"Holokuk",191,87.3591119343124,6.38872497716265,2,82.8416011798248,91.8766226888
"Holokuk",192,89.3496884330721,0.0750900650535617,2,89.296591738873,89.4027851272712
"Holokuk",194,92.127417221711,2.73470913260997,2,90.1936858494698,94.0611485939524
"Holokuk",195,93.1863404466878,1.2269857137335,2,92.3187305280879,94.0539503652878
"Holokuk",197,97.2502950574185,0.556120652909302,2,96.8570583725885,97.6435317422486
"Holokuk",198,99.3865595673452,1.0625099967752,3,98.1596787020355,100
"Holokuk",200,100,NA,1,100,100
"Holokuk",201,100,NA,1,100,100
"Johnson",152,NA,NA,2,Inf,-Inf
"Johnson",153,NA,NA,2,Inf,-Inf
"Johnson",155,NA,NA,2,Inf,-Inf
"Johnson",156,NA,NA,2,Inf,-Inf
"Johnson",158,NA,NA,3,Inf,-Inf
"Johnson",159,NA,NA,2,Inf,-Inf
"Johnson",161,NA,NA,3,Inf,-Inf
"Johnson",162,NA,NA,2,Inf,-Inf
"Johnson",164,NA,NA,3,Inf,-Inf
"Johnson",165,NA,NA,2,Inf,-Inf
"Johnson",167,NA,NA,3,Inf,-Inf
"Johnson",168,NA,NA,2,Inf,-Inf
"Johnson",170,NA,NA,3,Inf,-Inf
"Johnson",171,NA,NA,2,Inf,-Inf
"Johnson",173,NA,NA,3,Inf,-Inf
"Johnson",174,NA,NA,2,Inf,-Inf
"Johnson",176,NA,NA,3,Inf,-Inf
"Johnson",177,NA,NA,2,Inf,-Inf
"Johnson",179,NA,NA,3,Inf,-Inf
"Johnson",180,NA,NA,2,Inf,-Inf
"Johnson",182,NA,NA,3,Inf,-Inf
"Johnson",183,NA,NA,2,Inf,-Inf
"Johnson",185,NA,NA,3,Inf,-Inf
"Johnson",186,NA,NA,2,Inf,-Inf
"Johnson",188,NA,NA,2,Inf,-Inf
"Johnson",189,NA,NA,2,Inf,-Inf
"Johnson",191,NA,NA,2,Inf,-Inf
"Johnson",192,NA,NA,2,Inf,-Inf
"Johnson",194,NA,NA,2,Inf,-Inf
"Johnson",195,NA,NA,2,Inf,-Inf
"Johnson",197,NA,NA,2,Inf,-Inf
"Johnson",198,NA,NA,3,Inf,-Inf
"Johnson",200,NA,NA,1,Inf,-Inf
"Johnson",201,NA,NA,1,Inf,-Inf
"Kisaralik",152,0.151294307220695,0.213962461181348,2,0,0.302588614441389
"Kisaralik",153,0.894399218064365,1.18831719169321,2,0.054132073617542,1.73466636251119
"Kisaralik",155,1.11557284379472,1.14973332314692,2,0.302588614441389,1.92855707314805
"Kisaralik",156,1.26189220471911,1.70803075749734,2,0.054132073617542,2.46965233582067
"Kisaralik",158,1.95243313972842,1.89840775854111,3,0.302588614441389,4.02734012206829
"Kisaralik",159,2.46074748710695,0.0125933578218181,2,2.45184263839324,2.46965233582067
"Kisaralik",161,7.02855524091155,8.24241135691151,3,1.83102104599047,16.5321448339916
"Kisaralik",162,6.19944710177634,4.37201948604995,2,3.1079624757107,9.29093172784198
"Kisaralik",164,12.8028061985081,7.31020310801261,3,6.96938193856678,21.0032140552446
"Kisaralik",165,9.00105185438194,3.78982195300481,2,6.32124305192259,11.6808606568413
"Kisaralik",167,16.9129860449597,7.42909508922122,3,9.56963947583603,24.4249587604247
"Kisaralik",168,13.7272461905722,3.77661219046842,2,11.0567781007802,16.3977142803642
"Kisaralik",170,26.7212510695645,9.90825285582617,3,19.1131795224823,37.9253821232926
"Kisaralik",171,19.417986482497,0.484132036626029,2,19.0756534364091,19.7603195285849
"Kisaralik",173,40.0278817367732,21.7471324550232,3,26.9530913556232,65.1320526943752
"Kisaralik",174,36.1446017944378,8.85047500987846,2,29.8863708982306,42.4028326906449
"Kisaralik",176,55.4428259163408,17.9741831226719,3,39.9262638602104,75.1383798907717
"Kisaralik",177,43.6354456253313,7.45286463651491,2,38.3654745015862,48.9054167490764
"Kisaralik",179,70.5618269825857,16.3100274576003,3,55.973378692602,88.1710827821839
"Kisaralik",180,55.9798592612882,8.07585653675056,2,50.2693663402622,61.6903521823143
"Kisaralik",182,81.2922458115699,16.3382978389032,3,67.132009920846,99.1684633263134
"Kisaralik",183,70.8205519212968,1.90922847591938,2,69.4705235191398,72.1705803234539
"Kisaralik",185,85.6000254068768,12.9995376089648,3,74.730088950593,100
"Kisaralik",186,77.3133702695066,1.51626399153777,2,76.2412097190213,78.385530819992
"Kisaralik",188,85.0706018560483,8.01594013901544,2,79.402476226165,90.7387274859315
"Kisaralik",189,83.0659131316962,0.3597526036889,2,82.8115296260783,83.3202966373142
"Kisaralik",191,88.9506833834388,6.65188783975608,2,84.2470883842549,93.6542783826226
"Kisaralik",192,89.1857343831093,5.61099666523936,2,85.2181605919035,93.1533081743152
"Kisaralik",194,93.9248602423692,1.94086778351333,2,92.5524594712605,95.297261013478
"Kisaralik",195,92.5471710585563,2.96472274648347,2,90.4507955001799,94.6435466169328
"Kisaralik",197,97.887042574223,1.48408972791398,2,96.8376326637258,98.9364524847203
"Kisaralik",198,99.3567739283954,1.11410023677216,3,98.0703217851861,100
"Kisaralik",200,100,NA,1,100,100
"Kisaralik",201,100,NA,1,100,100
"Kwethluk",152,0.290875477839137,0.411360045721863,2,0,0.581750955678275
"Kwethluk",153,0.0540298289852355,0.076409716923619,2,0,0.108059657970471
"Kwethluk",155,2.51450604658136,2.67597257514049,2,0.622307692430292,4.40670440073244
"Kwethluk",156,1.57316462194807,0.727562259359527,2,1.05870041461954,2.0876288292766
"Kwethluk",158,6.347880248938,6.59123239674036,3,0,13.1581174964013
"Kwethluk",159,8.34125512772964,1.06291667056038,2,7.58965954214016,9.09285071331911
"Kwethluk",161,14.8752186879017,14.1836408018154,3,2.47516377703035,30.3410243108986
"Kwethluk",162,22.1648723294019,5.75092827272617,2,18.0983519496397,26.231392709164
"Kwethluk",164,23.8618766474576,17.7544897353809,3,4.81987815412756,39.9611451040863
"Kwethluk",165,28.5507384858511,9.62079491585447,2,21.7478091604454,35.3536678112569
"Kwethluk",167,37.7379509071844,20.2019099632663,3,14.8069078078801,52.9105754965838
"Kwethluk",168,36.9601417378232,8.40093361538562,2,31.019784610086,42.9004988655604
"Kwethluk",170,45.5291833077146,22.911629987483,3,20.0750318385433,64.5018509615417
"Kwethluk",171,47.0007053518753,8.0468965476102,2,41.3106902355535,52.690720468197
"Kwethluk",173,57.4527485885984,22.2669921993608,3,34.815820977333,79.3303824775352
"Kwethluk",174,56.6742949709825,9.24950591658084,2,50.1339066147431,63.2146833272219
"Kwethluk",176,72.7203596453947,14.4923170056425,3,57.5384715500958,86.4072004759958
"Kwethluk",177,64.4080018549671,9.95542095280549,2,57.3684561896717,71.4475475202625
"Kwethluk",179,82.7623329005471,11.2387408612586,3,72.2281613466891,94.5931613904365
"Kwethluk",180,74.9053848294585,11.17847501235,2,67.0010093449014,82.8097603140155
"Kwethluk",182,89.779125461649,10.2374632068412,3,79.5251538371014,100
"Kwethluk",183,80.5499351419803,7.60512234604552,2,75.1723015593382,85.9275687246224
"Kwethluk",185,94.8470329810404,6.4073223444282,3,87.6728350609491,100
"Kwethluk",186,84.5780264682535,4.3667703467893,2,81.4902535441544,87.6657993923525
"Kwethluk",188,95.1475798747567,3.99740790210069,2,92.3209856400126,97.9741741095008
"Kwethluk",189,88.4877307700878,4.41925025890862,2,85.3628489442531,91.6126125959224
"Kwethluk",191,97.169076977832,3.14295147814341,2,94.9466746746965,99.3914792809675
"Kwethluk",192,94.4259691774618,2.91568104433966,2,92.3642713392322,96.4876670156915
"Kwethluk",194,97.5993359462054,2.53447340973703,2,95.8071926114434,99.3914792809675
"Kwethluk",195,98.0620088103107,2.45152115958771,2,96.3285215741439,99.7954960464774
"Kwethluk",197,99.4436573027403,0.786787387791818,2,98.8873146054807,100
"Kwethluk",198,99.2946419710037,1.22171594374822,3,97.8839259130111,100
"Kwethluk",200,100,NA,1,100,100
"Kwethluk",201,100,NA,1,100,100
"Lower Kusko",152,0.758011793052397,0.496232182820068,2,0.407122651537324,1.10890093456747
"Lower Kusko",153,0.0773045528268329,0.00342756376498872,2,0.0748808992456601,0.0797282064080058
"Lower Kusko",155,1.61306579446101,1.62264169248908,2,0.465684850265965,2.76044673865605
"Lower Kusko",156,0.363122916010579,0.407635769354721,2,0.0748808992456601,0.651364932775498
"Lower Kusko",158,3.02481294848384,2.87866701455968,3,1.33652011274771,6.3486719013679
"Lower Kusko",159,1.4495155920654,0.796499397220078,2,0.886305467080088,2.01272571705072
"Lower Kusko",161,6.68896039508314,8.34167001716005,3,1.47383966694,16.3097472290725
"Lower Kusko",162,8.43786286731238,1.214551590514,2,7.57904520155902,9.29668053306573
"Lower Kusko",164,12.6709403880047,7.59419887211874,3,6.27877728795846,21.0657760855227
"Lower Kusko",165,12.5431394002497,0.00817539499899689,2,12.537358523007,12.5489202774924
"Lower Kusko",167,20.4835564966313,8.32129675856579,3,11.0605905148401,26.8228490045228
"Lower Kusko",168,19.2191702590575,0.760494954057193,2,18.6814191199855,19.7569213981295
"Lower Kusko",170,28.2663272931838,10.3773670146858,3,18.681099280402,39.2864848855102
"Lower Kusko",171,25.9134134847186,1.72216977579724,2,24.6956555578979,27.1311714115394
"Lower Kusko",173,39.8531426607937,16.2016046833111,3,28.4775839764253,58.4032504383023
"Lower Kusko",174,34.8774440566861,3.67630707687504,2,32.2779023929036,37.4769857204685
"Lower Kusko",176,56.2799170353468,16.6771123633088,3,43.2349646005655,75.0701554267914
"Lower Kusko",177,41.8053144437523,5.15455576197009,2,38.1604931104591,45.4501357770455
"Lower Kusko",179,71.4702855497055,15.578639792833,3,58.6096971480154,88.7931445204555
"Lower Kusko",180,60.9008876674328,9.00098196335566,2,54.5362322838062,67.2655430510594
"Lower Kusko",182,82.5756691454569,15.6351117179387,3,69.249866245436,99.7872174866458
"Lower Kusko",183,68.6854403535949,10.9041579070192,2,60.9750363544127,76.3958443527771
"Lower Kusko",185,87.5228553404052,12.0752679572222,3,75.8942234472656,100
"Lower Kusko",186,76.7629749942212,7.16697667503598,2,71.6951571866974,81.830792801745
"Lower Kusko",188,87.3539570118024,6.00909498176116,2,83.104885201405,91.6030288221997
"Lower Kusko",189,84.1776938691521,6.02092515396282,2,79.9202568637683,88.4351308745359
"Lower Kusko",191,91.7801274078951,6.23350135357086,2,87.3723763302497,96.1878784855406
"Lower Kusko",192,89.3600044836948,6.77486128545599,2,84.5694541271506,94.1505548402389
"Lower Kusko",194,94.7063670940164,3.99631671540734,2,91.8805444447827,97.5321897432501
"Lower Kusko",195,94.8875566431288,2.32335093252726,2,93.2446994436627,96.530413842595
"Lower Kusko",197,97.9681081994286,1.49683923607199,2,96.909683025256,99.0265333736012
"Lower Kusko",198,99.3950978519846,1.04772125397029,3,98.1852935559537,100
"Lower Kusko",200,100,NA,1,100,100
"Lower Kusko",201,100,NA,1,100,100
"Middle Kusko Main",152,0.324296603357978,0.0171790561194866,2,0.312149176281505,0.336444030434451
"Middle Kusko Main",153,0.707989674142632,0.714250832432305,2,0.202938067061612,1.21304128122365
"Middle Kusko Main",155,1.49542170713944,1.41116883720614,2,0.49757465295184,2.49326876132704
"Middle Kusko Main",156,1.14231466181536,1.22449498407833,2,0.276465955044659,2.00816336858607
"Middle Kusko Main",158,2.9541964382335,2.33214590712608,3,1.45436617328723,5.64106443910285
"Middle Kusko Main",159,2.91868795586553,0.420136834819448,2,2.62160635093844,3.21576956079261
"Middle Kusko Main",161,7.30804306492952,7.8504724971815,3,2.06831896369369,16.3340651928636
"Middle Kusko Main",162,9.11760299628028,1.98954459827095,2,7.71078251936982,10.5244234731907
"Middle Kusko Main",164,13.3648434852069,8.45380497552898,3,6.35536192635671,22.7532221504457
"Middle Kusko Main",165,13.0956712151302,0.644326437555167,2,12.6400636218372,13.5512788084233
"Middle Kusko Main",167,18.6986880882093,8.67004611119355,3,10.1017983708498,27.4400841013461
"Middle Kusko Main",168,18.8802695129543,1.17959702144114,2,18.0461684600259,19.7143705658828
"Middle Kusko Main",170,26.6609595037052,10.7555739401588,3,17.7092236014637,38.5921737938375
"Middle Kusko Main",171,24.9809664712736,0.793902164538298,2,24.4195928671299,25.5423400754173
"Middle Kusko Main",173,39.4897381777729,21.0038392527775,3,27.0684820953994,63.740476012378
"Middle Kusko Main",174,40.0141066906554,5.33522368377886,2,36.2415338447083,43.7866795366025
"Middle Kusko Main",176,56.4941541578372,17.9208439207044,3,42.7708678028742,76.7688583411075
"Middle Kusko Main",177,46.0298613123051,4.87099259921786,2,42.5855494142886,49.4741732103215
"Middle Kusko Main",179,71.5268395936639,16.0426362944046,3,58.1190417728976,89.3004899679525
"Middle Kusko Main",180,61.1891685148433,3.1204645598782,2,58.9826668641012,63.3956701655855
"Middle Kusko Main",182,82.4798401916778,15.6400062324401,3,69.1759729839367,99.708405250783
"Middle Kusko Main",183,72.6816727435773,0.065706957140466,2,72.6352109086122,72.7281345785425
"Middle Kusko Main",185,87.0656099019585,11.6740556811184,3,77.3105978507891,100
"Middle Kusko Main",186,78.4665643124684,0.503397307937372,2,78.1106086623948,78.822519962542
"Middle Kusko Main",188,86.5485103877067,5.67386580406248,2,82.5364814021116,90.5605393733017
"Middle Kusko Main",189,84.2928957953457,0.765620495462655,2,83.7515203511886,84.8342712395027
"Middle Kusko Main",191,90.3185198049032,5.04654629210074,2,86.7500727001869,93.8869669096195
"Middle Kusko Main",192,90.1450143499943,2.15359507208958,2,88.6221926705899,91.6678360293988
"Middle Kusko Main",194,93.9760482992429,1.77156722929492,2,92.7233610980806,95.2287355004052
"Middle Kusko Main",195,94.4282145001638,0.824192311432759,2,93.8454225277478,95.0110064725797
"Middle Kusko Main",197,97.8470116705227,0.864399006610689,2,97.2357892712974,98.458234069748
"Middle Kusko Main",198,99.4228983269725,0.999569418816639,3,98.2686949809175,100
"Middle Kusko Main",200,100,NA,1,100,100
"Middle Kusko Main",201,100,NA,1,100,100
"N. Fork Kusko",152,0,0,2,0,0
"N. Fork Kusko",153,0,0,2,0,0
"N. Fork Kusko",155,2.17654661062968,1.20723811796383,2,1.32290035091057,3.03019287034879
"N. Fork Kusko",156,1.24394265923798,0.216181313433675,2,1.09107938654321,1.39680593193274
"N. Fork Kusko",158,4.32997762965663,4.47589690197477,3,0,8.9387592696058
"N. Fork Kusko",159,9.06064379063473,4.23618809385744,2,6.06520646308642,12.056081118183
"N. Fork Kusko",161,13.6071459524774,11.6693488113928,3,2.89760539853432,26.043795042627
"N. Fork Kusko",162,40.1929120870679,16.8421096091614,2,28.2837421729428,52.1020820011931
"N. Fork Kusko",164,28.7099817294932,21.0255263107885,3,5.97636991882098,47.4564845918127
"N. Fork Kusko",165,45.2566675652308,16.0132947246792,2,33.9335582762713,56.5797768541902
"N. Fork Kusko",167,47.125282445728,23.3447848980732,3,20.8959693970884,65.6247634504422
"N. Fork Kusko",168,54.5727113781558,16.8080276952721,2,42.6876410164576,66.457781739854
"N. Fork Kusko",170,53.0013118492489,26.0900256234833,3,23.4809542892549,72.9673339021069
"N. Fork Kusko",171,66.0946187225992,11.7931507906037,2,57.7556018270078,74.4336356181906
"N. Fork Kusko",173,62.2493518382314,24.1948603267818,3,36.3690521143207,84.3026148281408
"N. Fork Kusko",174,73.7881963564177,13.4863235715518,2,64.2519255056975,83.324467207138
"N. Fork Kusko",176,71.7178728483336,17.0278287193486,3,52.5119707079113,84.9673212961474
"N. Fork Kusko",177,78.8201388441288,12.3129116867779,2,70.1135954942571,87.5266821940005
"N. Fork Kusko",179,82.194403520557,15.5298940788067,3,65.3192160646662,95.8854386296701
"N. Fork Kusko",180,82.9411878455315,11.381787654483,2,74.8930486130213,90.9893270780418
"N. Fork Kusko",182,90.5301773512532,11.2851465641071,3,78.0430807076075,100
"N. Fork Kusko",183,88.6069004145198,4.44603472744743,2,85.4630791093508,91.7507217196888
"N. Fork Kusko",185,94.0092099192439,6.90557155819122,3,86.4564313969176,100
"N. Fork Kusko",186,91.32230267616,2.07766061371218,2,89.8531747671999,92.79143058512
"N. Fork Kusko",188,94.1319850570214,7.78920528680356,2,88.6241851786685,99.6397849353743
"N. Fork Kusko",189,93.2548060341128,3.00385999748807,2,91.130756260154,95.3788558080717
"N. Fork Kusko",191,95.583383748461,6.24603860272385,2,91.166767496922,100
"N. Fork Kusko",192,97.3489533903372,1.35316370903439,2,96.3921221556234,98.3057846250509
"N. Fork Kusko",194,96.9520039689531,4.31051732516594,2,93.9040079379061,100
"N. Fork Kusko",195,99.1913618303314,1.14358706659791,2,98.3827236606628,100
"N. Fork Kusko",197,98.5381545615907,2.06736164509165,2,97.0763091231814,100
"N. Fork Kusko",198,99.6013639758614,0.690457847535352,3,98.8040919275841,100
"N. Fork Kusko",200,100,NA,1,100,100
"N. Fork Kusko",201,100,NA,1,100,100
"Oskakawlik",152,0.327513022947625,0.27626133423588,2,0.132166760129791,0.522859285765459
"Oskakawlik",153,0.756856161826147,0.0113816207576091,2,0.748808140607548,0.764904183044746
"Oskakawlik",155,1.05318218938468,0.0831252862670685,2,0.994403735777167,1.1119606429922
"Oskakawlik",156,0.874361756933767,0.177559627013527,2,0.748808140607548,0.999915373259986
"Oskakawlik",158,1.8559971884517,0.693503960424157,3,1.1119606429922,2.48444275573004
"Oskakawlik",159,1.70641468114003,0.999140903011164,2,0.999915373259986,2.41291398902007
"Oskakawlik",161,5.59189595573605,4.7677951356513,3,2.76820930304181,11.096655812027
"Oskakawlik",162,6.04477566060409,3.85201595356739,2,3.32098905859783,8.76856226261036
"Oskakawlik",164,10.9971533298555,5.58973181333448,3,6.23921321447031,17.1532395015708
"Oskakawlik",165,9.38015905240193,3.7220070530521,2,6.74830262556463,12.0120154792392
"Oskakawlik",167,14.6106915092879,5.92757554561312,3,8.99508385674862,20.8074280390067
"Oskakawlik",168,12.6127808292524,4.79718141953311,2,9.22066131691839,16.0049003415863
"Oskakawlik",170,22.4023565772777,6.99326573403332,3,18.1614908084859,30.4740127624011
"Oskakawlik",171,19.4058846370335,1.54599056065634,2,18.312704227943,20.499065046124
"Oskakawlik",173,35.8523514477163,17.4401179362353,3,22.4710374864873,55.5761600476844
"Oskakawlik",174,32.7021357641267,6.45911831189243,2,28.1348494053013,37.269422122952
"Oskakawlik",176,53.5582241768284,15.7168221169455,3,41.3618521318481,71.294918658783
"Oskakawlik",177,40.2301174819785,6.17027718558009,2,35.8670726422541,44.5931623217028
"Oskakawlik",179,69.8391398348467,15.2747104228188,3,58.1333788786326,87.1177871943473
"Oskakawlik",180,57.5969799027833,3.72691502918991,2,54.961653012737,60.2323067928295
"Oskakawlik",182,82.3159369522654,15.6391059078106,3,69.5335922225175,99.7542981452137
"Oskakawlik",183,68.989768845931,2.07566283578155,2,67.522053579293,70.457484112569
"Oskakawlik",185,85.8015398489457,12.6950637860964,3,75.5451842552852,100
"Oskakawlik",186,75.1530620094178,3.19440923740265,2,72.8942735757654,77.4118504430701
"Oskakawlik",188,85.6699790916983,7.00122073181692,2,80.7193684356467,90.6205897477499
"Oskakawlik",189,81.1931003488054,3.63428298239483,2,78.6232742072031,83.7629264904076
"Oskakawlik",191,90.338051964479,6.27384189022767,2,85.9017758198068,94.7743281091513
"Oskakawlik",192,87.9086456430566,2.75213068052479,2,85.962595376146,89.8546959099673
"Oskakawlik",194,94.3810350787511,2.79380863791662,2,92.4055140455427,96.3565561119595
"Oskakawlik",195,93.9017134314566,1.18985484237417,2,93.0603590037862,94.743067859127
"Oskakawlik",197,97.5882902318757,1.20351808711677,2,96.7372744311948,98.4393060325566
"Oskakawlik",198,99.5627773565865,0.757291832611737,3,98.6883320697595,100
"Oskakawlik",200,100,NA,1,100,100
"Oskakawlik",201,100,NA,1,100,100
"S. Fork Kusko",152,0.429868735016125,0.60792619509997,2,0,0.85973747003225
"S. Fork Kusko",153,0.0941546575829065,0.133154793714341,2,0,0.188309315165813
"S. Fork Kusko",155,2.32220958675438,2.31584717910784,2,0.68465834221549,3.95976083129327
"S. Fork Kusko",156,1.34840315939347,0.536829764110424,2,0.968807192848213,1.72799912593872
"S. Fork Kusko",158,5.48111337760717,5.70241342785031,3,0,11.3816646880026
"S. Fork Kusko",159,7.44444808653396,1.36661465115375,2,6.47810559943426,8.41079057363367
"S. Fork Kusko",161,12.9122296800228,12.4453473977519,3,2.21966270426607,26.5734653897993
"S. Fork Kusko",162,19.8818351050179,4.66189917831782,2,16.5853745828214,23.1782956272144
"S. Fork Kusko",164,21.0613143328175,15.2800807322044,3,4.99965840556939,35.4165611502735
"S. Fork Kusko",165,25.880063180862,7.69413726233455,2,20.4394865472851,31.3206398144388
"S. Fork Kusko",167,33.728270441207,17.7256388234369,3,13.6791614573459,47.3197834994622
"S. Fork Kusko",168,33.9359463801559,6.92671438706484,2,29.0380196657199,38.8338730945919
"S. Fork Kusko",170,41.9750844399847,20.1204108561417,3,19.763982121471,58.9824262908312
"S. Fork Kusko",171,43.9118842374028,7.60799020363813,2,38.5322227732094,49.2915457015961
"S. Fork Kusko",173,54.1501963284822,20.2811165704842,3,34.013345207649,74.5725636285756
"S. Fork Kusko",174,53.0681341776869,9.23741837660855,2,46.5362930029298,59.599975352444
"S. Fork Kusko",176,69.8492148421064,15.0826913217186,3,54.6145044050037,84.7751455668333
"S. Fork Kusko",177,60.8390200369588,10.2914969307601,2,53.5618327686578,68.1162073052599
"S. Fork Kusko",179,80.8910291110045,12.0719318949312,3,69.9960515256008,93.8688656537123
"S. Fork Kusko",180,72.8729520342939,12.7839545951579,2,63.8333310496768,81.912573018911
"S. Fork Kusko",182,88.5556692980045,11.0527915009654,3,77.941196612902,100
"S. Fork Kusko",183,77.942273342362,10.1510914444037,2,70.7643677455793,85.1201789391446
"S. Fork Kusko",185,93.8722895927546,7.28170823798984,3,85.8222887096605,100
"S. Fork Kusko",186,82.9783745087137,6.23901153073614,2,78.5667271474291,87.3900218699983
"S. Fork Kusko",188,94.1282132928451,4.66677068493916,2,90.8283080952821,97.4281184904082
"S. Fork Kusko",189,87.2327363399381,5.2698184012532,2,83.5064120127903,90.9590606670859
"S. Fork Kusko",191,96.2184772871865,3.66628073897247,2,93.6260253149254,98.8109292594475
"S. Fork Kusko",192,93.4226828202999,3.77656336579614,2,90.7522492547647,96.093116385835
"S. Fork Kusko",194,96.8413319844547,2.78543117870803,2,94.8717347094618,98.8109292594475
"S. Fork Kusko",195,98.0968785783442,2.23646483024429,2,96.5154591309932,99.6782980256951
"S. Fork Kusko",197,99.2070888869034,1.12134564989753,2,98.4141777738068,100
"S. Fork Kusko",198,99.4970688179137,0.871102360084113,3,98.4912064537412,100
"S. Fork Kusko",200,100,NA,1,100,100
"S. Fork Kusko",201,100,NA,1,100,100
"Stony",152,0.4427433554463,0.293867797851482,2,0.23494744281316,0.65053926807944
"Stony",153,0.369323306965542,0.277503543609123,2,0.173098669476235,0.56554794445485
"Stony",155,1.61119247596405,1.24395222084326,2,0.731585425133717,2.49079952679439
"Stony",156,1.02321243478671,0.483308918354264,2,0.681461421210478,1.36496344836295
"Stony",158,3.69411464790043,3.49262248174724,3,0.695939573545433,7.52914342313242
"Stony",159,2.97880844920692,0.687814369570063,2,2.49245024428638,3.46516665412746
"Stony",161,8.39274604320511,9.29453163976721,3,1.71328234909489,19.0075649668478
"Stony",162,10.2367641703656,1.87857626040366,2,8.9084101576581,11.5651181830731
"Stony",164,14.8809862469887,10.4273715092606,3,5.35214080724643,26.0196465707828
"Stony",165,15.0567186638943,5.05668357411696,2,11.4811034183216,18.632333909467
"Stony",167,23.6195272905865,11.011545748002,3,11.6001415420513,33.2215612443277
"Stony",168,20.566873941944,3.71421684210218,2,17.9405260260963,23.1932218577918
"Stony",170,32.5445365938034,12.5446127083136,3,20.3229122210103,45.3889385560435
"Stony",171,28.1954245603096,4.51880475997009,2,25.0001470716767,31.3907020489425
"Stony",173,43.8862349556046,17.0456753394356,3,31.0095205609979,63.2163615263198
"Stony",174,37.898718967427,4.87318559955409,2,34.4528563840017,41.3445815508523
"Stony",176,60.8702829463485,15.5946455690547,3,46.999480858897,77.7502105002959
"Stony",177,46.2328094718946,6.01082924147293,2,41.9825113546947,50.4831075890945
"Stony",179,74.4973115875344,14.9716964737604,3,62.7791325142343,91.3638942405558
"Stony",180,62.4885141542778,8.85029960714631,2,56.230407286532,68.7466210220235
"Stony",182,84.8055220349759,13.3910325664742,3,73.6812297062988,99.668600589993
"Stony",183,71.3843656447869,10.7405088194863,2,63.7896790251342,78.9790522644396
"Stony",185,89.4744023715032,10.3487106404326,3,79.3121487057799,100
"Stony",186,78.001869003951,7.53670179855013,2,72.6726160544153,83.3311219534866
"Stony",188,89.9650866395467,6.14042489633688,2,85.6231505559801,94.3070227231132
"Stony",189,83.3174567482751,6.03205629665154,2,79.0521488364138,87.5827646601364
"Stony",191,93.4941326604011,5.48303828713453,2,89.6170391060628,97.3712262147394
"Stony",192,90.0268387030693,5.01386757063091,2,86.4814989439049,93.5721784622338
"Stony",194,96.1377604021529,2.93554344142484,2,94.0620177282537,98.2135030760521
"Stony",195,95.5206779399502,2.8371100993249,2,93.5145381497448,97.5268177301557
"Stony",197,98.3609481359041,1.64470135383627,2,97.1979686555798,99.5239276162284
"Stony",198,99.3498924646244,1.12601928165388,3,98.0496773938733,100
"Stony",200,100,NA,1,100,100
"Stony",201,100,NA,1,100,100
"Swift",152,0.155822204044007,0.220365874277902,2,0,0.311644408088014
"Swift",153,0.349853220466648,0.494767169223838,2,0,0.699706440933296
"Swift",155,0.631053029668111,0.451712004577469,2,0.311644408088014,0.950461651248208
"Swift",156,1.78206766482016,2.52022426065522,2,0,3.56413532964031
"Swift",158,1.08317821105418,0.696731535668347,3,0.311644408088014,1.66639517193254
"Swift",159,2.53689412245896,1.45273844702439,2,1.5096529152776,3.56413532964031
"Swift",161,5.95731341449647,7.98728709558471,3,1.27149505314197,15.179836309663
"Swift",162,6.43359617666824,3.04627224328584,2,4.27955641610047,8.58763593723601
"Swift",164,9.10660655161883,7.92834107449955,3,3.06698764338901,18.0846745412549
"Swift",165,9.6718897235274,3.54618685562443,2,7.16435695056077,12.179422496494
"Swift",167,14.0802125690986,7.37308849195808,3,6.40233273602503,21.1050675601322
"Swift",168,14.9514834683634,8.5085636948023,2,8.93502038161106,20.9679465551158
"Swift",170,24.4592511694361,9.876691451489,3,17.8868027041137,35.8171062723692
"Swift",171,19.2008786232014,5.00338805956641,2,15.6629489973742,22.7388082490286
"Swift",173,37.3454479189327,21.2747357604023,3,24.7102586766435,61.9079973573301
"Swift",174,29.203818517798,7.34948587619118,2,24.0069472165085,34.4006898190876
"Swift",176,51.0546971887827,20.4087164133968,3,36.8008803492957,74.4339049772993
"Swift",177,38.2796361889141,4.83980932573706,2,34.8573741950356,41.7018981827927
"Swift",179,64.4291614632468,19.5674103605235,3,48.507973893141,86.2739328611529
"Swift",180,49.4540976550906,0.812296529889718,2,48.8797172704712,50.0284780397099
"Swift",182,77.0976476423164,17.3505965773486,3,63.0295711709389,96.4852327325125
"Swift",183,64.8923730732092,2.79722531894427,2,62.914436081677,66.8703100647414
"Swift",185,84.1593734162394,14.4054614545409,3,71.8432403153069,100
"Swift",186,73.431783964248,1.32571982704363,2,72.494358484592,74.369209443904
"Swift",188,83.2770679330612,9.3279694482137,2,76.6811974815283,89.872938384594
"Swift",189,81.4785241969755,1.83573109965402,2,80.1804662879751,82.7765821059759
"Swift",191,88.2551825108088,9.28495712068176,2,81.6897263677484,94.8206386538692
"Swift",192,89.0298618383042,4.44101593564202,2,85.8895893548543,92.1701343217542
"Swift",194,95.3097034218252,3.48304394299112,2,92.8468194305654,97.772587413085
"Swift",195,91.7447835865242,3.83868081365344,2,89.0304263523791,94.4591408206692
"Swift",197,97.5170855357588,2.26841656187304,2,95.9130728023025,99.1210982692151
"Swift",198,98.5878593253965,2.44589939584782,3,95.7635779761896,100
"Swift",200,100,NA,1,100,100
"Swift",201,100,NA,1,100,100
"Takotna and Nixon Fork",152,0.742534589200505,1.05010248657849,2,0,1.48506917840101
"Takotna and Nixon Fork",153,0.380988626887717,0.428941624583297,2,0.0776810954116938,0.684296158363741
"Takotna and Nixon Fork",155,1.7994066795719,1.56649369310614,2,0.691728366490591,2.90708499265321
"Takotna and Nixon Fork",156,0.765666934382564,0.0496843981593021,2,0.730534759524949,0.800799109240179
"Takotna and Nixon Fork",158,3.03974539565693,3.51305256191583,3,0,6.88588103003625
"Takotna and Nixon Fork",159,1.95046623205282,0.64418007650222,2,1.49496213165283,2.40597033245281
"Takotna and Nixon Fork",161,6.39600501093629,7.95450313955868,3,0.677776055691351,15.4801105254035
"Takotna and Nixon Fork",162,8.47097798069375,4.13763753650273,2,5.54522642054066,11.3967295408468
"Takotna and Nixon Fork",164,11.7822075692145,9.78164936214296,3,4.65565827834603,22.9342822283221
"Takotna and Nixon Fork",165,13.5128615210186,6.66259863738881,2,8.80169284419675,18.2240301978405
"Takotna and Nixon Fork",167,20.5937560439238,10.2650426058149,3,10.0138481997471,30.5119128792109
"Takotna and Nixon Fork",168,19.0734128577527,7.19048587020148,2,13.9889715389071,24.1578541765982
"Takotna and Nixon Fork",170,30.8004309506207,11.4314879376121,3,19.9245240798669,42.7164167857151
"Takotna and Nixon Fork",171,26.9061081453031,8.93982900376657,2,20.5846944340916,33.2275218565146
"Takotna and Nixon Fork",173,41.8546178776003,14.9005446097708,3,30.7146026720602,58.7802969965345
"Takotna and Nixon Fork",174,35.8374723714043,9.32644651104057,2,29.2426787990739,42.4322659437347
"Takotna and Nixon Fork",176,61.168761413591,17.2557299874083,3,46.333524852544,80.1057995810564
"Takotna and Nixon Fork",177,44.4028624291048,11.4708851362266,2,36.291721763067,52.5140030951426
"Takotna and Nixon Fork",179,74.5699566418917,15.5298151908141,3,63.1241028734887,92.2477772309778
"Takotna and Nixon Fork",180,62.7591482433078,18.2135140586491,2,49.8802489432006,75.6380475434151
"Takotna and Nixon Fork",182,84.7346752786951,13.5471958337293,3,74.1433120507276,100
"Takotna and Nixon Fork",183,67.7988034123934,19.3966723534207,2,54.083284858836,81.5143219659508
"Takotna and Nixon Fork",185,90.581614176605,10.2726257223016,3,79.627635792872,100
"Takotna and Nixon Fork",186,76.5175370849556,12.8034302823639,2,67.4641447098469,85.5709294600643
"Takotna and Nixon Fork",188,91.0867982880161,5.57286299290305,2,87.1461890751108,95.0274075009214
"Takotna and Nixon Fork",189,81.7805151739802,9.16694682069095,2,75.2985049142931,88.2625254336672
"Takotna and Nixon Fork",191,93.5910480499134,4.941415474053,2,90.0969396595504,97.0851564402765
"Takotna and Nixon Fork",192,88.9828222506336,6.35468724814176,2,84.4893798051529,93.4762646961143
"Takotna and Nixon Fork",194,95.0562683449725,2.86928106091623,2,93.0273802496685,97.0851564402765
"Takotna and Nixon Fork",195,97.0514681716448,2.35580315550411,2,95.3856637852471,98.7172725580424
"Takotna and Nixon Fork",197,98.3018482936047,2.4015491741512,2,96.6036965872095,100
"Takotna and Nixon Fork",198,99.7747615576955,0.390124425889027,3,99.3242846730866,100
"Takotna and Nixon Fork",200,100,NA,1,100,100
"Takotna and Nixon Fork",201,100,NA,1,100,100
"Tatlawiksuk",152,0.159660986177713,0.225794732034384,2,0,0.319321972355425
"Tatlawiksuk",153,0,0,2,0,0
"Tatlawiksuk",155,2.47400005443728,2.70182454398677,2,0.563521597807981,4.38447851106657
"Tatlawiksuk",156,1.74873763815443,0.949288580638702,2,1.07748924548185,2.41998603082701
"Tatlawiksuk",158,7.04460470420534,7.05196083405953,3,0,14.103898719604
"Tatlawiksuk",159,10.170405655572,1.45491880615806,2,9.14162270166175,11.1991886094822
"Tatlawiksuk",161,16.6042027535414,15.2217898356418,3,2.91435540160988,32.996060252
"Tatlawiksuk",162,25.0158628583851,4.59458308342548,2,21.7670020033699,28.2647237134002
"Tatlawiksuk",164,26.0308005432025,19.6358481702249,3,4.44976722651966,42.8430099952934
"Tatlawiksuk",165,31.6766460904639,8.07480139385193,2,25.9668992681366,37.3863929127912
"Tatlawiksuk",167,40.7223691429718,22.2224187667253,3,15.4067850100579,57.0101468637702
"Tatlawiksuk",168,40.7228372372592,6.74421896145281,2,35.953954275809,45.4917201987094
"Tatlawiksuk",170,48.1304571723833,25.0821423200209,3,20.0300155411171,68.2542064894427
"Tatlawiksuk",171,51.1568056370582,7.03629425289115,2,46.181394256415,56.1322170177015
"Tatlawiksuk",173,60.4927550534313,24.1551235891525,3,35.3472688297225,83.5176935106275
"Tatlawiksuk",174,60.6796799666028,8.69039224219308,2,54.5346446809771,66.8247152522285
"Tatlawiksuk",176,74.4784329386739,14.7091724489353,3,58.5507949385622,87.5503352324481
"Tatlawiksuk",177,68.1973779759162,9.18233258264754,2,61.7044883396159,74.6902676122164
"Tatlawiksuk",179,84.1190600703694,10.6962590780777,3,73.4122987271232,94.8047858564272
"Tatlawiksuk",180,76.7973850613119,9.74172401127592,2,69.9089459524909,83.6858241701329
"Tatlawiksuk",182,90.3811789492014,10.4311178562658,3,79.2934779776821,100
"Tatlawiksuk",183,81.9319981270341,5.46338377027608,2,78.0688024148473,85.7951938392208
"Tatlawiksuk",185,95.4160014582183,6.1855066133221,3,88.3805108475906,100
"Tatlawiksuk",186,85.3050303459984,2.96482812375806,2,83.2085802746365,87.4014804173604
"Tatlawiksuk",188,95.6353978051216,4.298185214569,2,92.5961218931041,98.6746737171391
"Tatlawiksuk",189,89.1966292908921,3.6609142478393,2,86.6079720009025,91.7852865808817
"Tatlawiksuk",191,97.745241666386,2.98896797744551,2,95.6317221407849,99.8587611919872
"Tatlawiksuk",192,95.3615227467711,2.09849057347526,2,93.8776658320107,96.8453796615315
"Tatlawiksuk",194,97.92230682593,2.73856002739477,2,95.9858524598727,99.8587611919872
"Tatlawiksuk",195,98.4065240846525,2.25351525079927,2,96.8130481693051,100
"Tatlawiksuk",197,99.6037810243053,0.560338249096992,2,99.2075620486106,100
"Tatlawiksuk",198,99.3213065106922,1.1755316062473,3,97.9639195320766,100
"Tatlawiksuk",200,100,NA,1,100,100
"Tatlawiksuk",201,100,NA,1,100,100
"Tuluksak",152,0.267093435879941,0.352137142439452,2,0.0180948745533516,0.516091997206531
"Tuluksak",153,0.747560383927102,0.0206962922340313,2,0.732925895343,0.762194872511204
"Tuluksak",155,0.981373881687359,0.186244824577627,2,0.84967890326762,1.1130688601071
"Tuluksak",156,0.887665755550579,0.177442624477213,2,0.762194872511204,1.01313663858995
"Tuluksak",158,1.95725966294068,0.719479693402437,3,1.12670044026602,2.3892593951213
"Tuluksak",159,1.80514937110783,1.11538985107977,2,1.01644964374267,2.59384909847299
"Tuluksak",161,5.81127001926106,4.74439352968801,3,2.94500845646886,11.2876270439919
"Tuluksak",162,6.2360630881251,4.36830173996913,2,3.14720730552394,9.32491887072628
"Tuluksak",164,11.5695181252735,5.42163580214658,3,7.01662180133233,17.5671873326403
"Tuluksak",165,9.26145269491381,4.23808934463792,2,6.26467098004589,12.2582344097817
"Tuluksak",167,15.2526399445568,5.62690183609018,3,9.90514507181575,21.1225175742238
"Tuluksak",168,12.6509979606876,5.43059316540634,2,8.81098870756343,16.4910072138117
"Tuluksak",170,22.3109852231786,6.7943189761032,3,18.0107384052797,30.1438613390386
"Tuluksak",171,19.1846652470285,2.1626106965707,2,17.6554685584168,20.7138619356402
"Tuluksak",173,36.0801013901459,17.6840815367103,3,22.4148558330762,56.0532164614283
"Tuluksak",174,31.7819357168784,6.96540409851789,2,26.8566512451118,36.707220188645
"Tuluksak",176,52.8764415087473,16.2375974093822,3,41.1674982719634,71.412989291455
"Tuluksak",177,38.7525366847763,7.4551252458443,2,33.4809670688448,44.0241063007079
"Tuluksak",179,69.1641327876554,16.0305082799163,3,56.8593565719621,87.2923948687763
"Tuluksak",180,56.708086783174,5.97678592129063,2,52.4818609285291,60.9343126378189
"Tuluksak",182,81.8942510158528,16.1034075792148,3,68.4418237919104,99.7377433866171
"Tuluksak",183,69.1218686164306,0.590347870598342,2,68.7044296338715,69.5393075989897
"Tuluksak",185,85.5201157620143,12.9714379002877,3,74.9623557544207,100
"Tuluksak",186,75.3260540922279,2.05565606698822,2,73.8724857474733,76.7796224369825
"Tuluksak",188,85.3984434456637,7.47479765147742,2,80.1129633383068,90.6839235530207
"Tuluksak",189,81.2674121010699,3.02933316741853,2,79.1253500759149,83.4094741262248
"Tuluksak",191,90.082682550915,6.14030927808494,2,85.7408282217984,94.4245368800315
"Tuluksak",192,87.4236004139989,2.75270365623522,2,85.477144992078,89.3700558359198
"Tuluksak",194,94.1462027110749,2.96705672761952,2,92.04817677881,96.2442286433398
"Tuluksak",195,93.3448346122314,1.03869681986906,2,92.6103650473051,94.0793041771577
"Tuluksak",197,97.5296819848276,0.875284593852196,2,96.9107623130466,98.1486016566086
"Tuluksak",198,99.455471080557,0.943151754665866,3,98.366413241671,100
"Tuluksak",200,100,NA,1,100,100
"Tuluksak",201,100,NA,1,100,100
"Upper Kusko Main",152,0.375246612370234,0.530678848448545,2,0,0.750493224740468
"Upper Kusko Main",153,0.27713721845355,0.391931212975366,2,0,0.5542744369071
"Upper Kusko Main",155,2.06371635298886,1.59879538634478,2,0.933197293574699,3.19423541240302
"Upper Kusko Main",156,1.44933709798663,0.220693117534565,2,1.29328349801674,1.60539069795652
"Upper Kusko Main",158,4.72043806346813,4.67065584172567,3,0,9.33966669203154
"Upper Kusko Main",159,6.57106474302901,1.19610206989967,2,5.72529285841169,7.41683662764634
"Upper Kusko Main",161,11.4069121611371,10.3656296444339,3,2.28200175792575,22.6774435046474
"Upper Kusko Main",162,17.2965959727037,3.89786790407001,2,14.5403871455664,20.052804799841
"Upper Kusko Main",164,18.861680248748,13.9545387736526,3,4.28870656997009,32.1021977400239
"Upper Kusko Main",165,23.0634004703191,6.55277329158055,2,18.4298900402644,27.6969109003738
"Upper Kusko Main",167,30.0057436032415,15.6157974912397,3,12.5448739896923,42.6338258467894
"Upper Kusko Main",168,29.3538348113449,5.49460341735465,2,25.4685634750026,33.2391061476871
"Upper Kusko Main",170,38.6876230788999,16.8714364443923,3,20.1698624393526,53.1871878357956
"Upper Kusko Main",171,39.1455770505854,6.47256005410021,2,34.5687859446939,43.7223681564768
"Upper Kusko Main",173,50.8437072817346,17.8889888863434,3,34.1332856144596,69.7149667626596
"Upper Kusko Main",174,48.4573682591623,6.65278598862188,2,43.7531381728249,53.1615983454997
"Upper Kusko Main",176,68.4111649156822,14.535885859283,3,53.7875370285256,82.8576903655223
"Upper Kusko Main",177,56.8748895991244,7.64555335048298,2,51.4686669790744,62.2811122191745
"Upper Kusko Main",179,79.666056087872,12.0628352278843,3,69.6414538329185,93.0534695105704
"Upper Kusko Main",180,69.7504421083378,11.3226575725476,2,61.7441141577361,77.7567700589394
"Upper Kusko Main",182,88.3045546073598,10.8670295822138,3,78.5192248024598,100
"Upper Kusko Main",183,75.4338140756249,10.2438002677228,2,68.1903534411975,82.6772747100522
"Upper Kusko Main",185,93.4799952777825,7.27838077757362,3,85.6273922852178,100
"Upper Kusko Main",186,80.7751803883997,7.16025293659268,2,75.7121169819242,85.8382437948753
"Upper Kusko Main",188,94.0068827755879,4.84190997645135,2,90.5831353973444,97.4306301538315
"Upper Kusko Main",189,84.936803917099,5.90616840593515,2,80.7605121864325,89.1130956477655
"Upper Kusko Main",191,96.339470874544,3.75936214585714,2,93.6812004082724,98.9977413408156
"Upper Kusko Main",192,92.0273992037637,2.88552842725567,2,89.9870224855447,94.0677759219828
"Upper Kusko Main",194,97.1554526609521,2.60538963686942,2,95.3131639810886,98.9977413408156
"Upper Kusko Main",195,97.6526073780487,2.02580050994039,2,96.2201501001387,99.0850646559587
"Upper Kusko Main",197,99.0731066981467,1.31082507835375,2,98.1462133962933,100
"Upper Kusko Main",198,99.5632714591805,0.756436021814803,3,98.6898143775415,100
"Upper Kusko Main",200,100,NA,1,100,100
"Upper Kusko Main",201,100,NA,1,100,100
