year,quartile,mgmt_river,total_run_prop,within_quartile_prop,cpue_prop_in_quartile,edge_count
2017,Q1,Stony,0.004570250714540332,0.10618271842956267,0.010683900105817693,1450
2017,Q1,Aniak,0.004513411928071212,0.10486215699070625,0.010683900105817693,879
2017,Q1,Kisaralik,0.004488980551345424,0.10429453167696388,0.010683900105817693,1225
2017,Q1,Holitna,0.004372488238307285,0.10158801265926906,0.010683900105817693,1319
2017,Q1,Middle Kusko Main,0.00402615054650065,0.09354139117006988,0.010683900105817693,1247
2017,Q1,Tuluksak,0.0037876071375764113,0.0879992033985222,0.010683900105817693,815
2017,Q1,Hoholitna,0.0032317681597955413,0.07508514302058569,0.010683900105817693,1125
2017,Q1,Upper Kusko Main,0.0023111454437649073,0.05369589574687849,0.010683900105817693,1065
2017,Q1,Swift,0.0023107896928199457,0.05368763042298744,0.010683900105817693,804
2017,Q1,Big River,0.0016545119525042526,0.038440030485017915,0.010683900105817693,675
2017,Q1,Kwethluk,0.0015044107985753778,0.03495266194462798,0.010683900105817693,1525
2017,Q1,Takotna and Nixon Fork,0.001435555187783703,0.033352908147811736,0.010683900105817693,606
2017,Q1,George,9.793132547527424e-4,0.022752831316871756,0.010683900105817693,340
2017,Q1,Tatlawiksuk,9.506768530903349e-4,0.022087508741705127,0.010683900105817693,310
2017,Q1,Oskakawlik,8.799238787944146e-4,0.020443672633586187,0.010683900105817693,149
2017,Q1,Holokuk,8.605017703162122e-4,0.019992429932767116,0.010683900105817693,124
2017,Q1,S. Fork Kusko,5.146283141908344e-4,0.011956594242795692,0.010683900105817693,740
2017,Q1,E. Fork Kuskokwim,3.2395276956730064e-4,0.007526542385520171,0.010683900105817693,315
2017,Q1,N. Fork Kusko,2.206135330078115e-4,0.005125614790145173,0.010683900105817693,890
2017,Q1,Lower Kusko,1.0469909745862198e-4,0.002432521863605538,0.010683900105817693,5395
2017,Q1,Johnson,0,0,0.010683900105817693,920
2017,Q2,Stony,0.031142782240767834,0.11747909907493526,0.2530858768826615,1450
2017,Q2,Hoholitna,0.027645052886397424,0.10428470654498684,0.2530858768826615,1125
2017,Q2,Holitna,0.026837053006306188,0.10123670982998902,0.2530858768826615,1319
2017,Q2,Big River,0.022159146268547744,0.0835903651694585,0.2530858768826615,675
2017,Q2,Swift,0.021885662186143063,0.08255870835203397,0.2530858768826615,804
2017,Q2,Upper Kusko Main,0.021104684510828073,0.07961264679002224,0.2530858768826615,1065
2017,Q2,Aniak,0.018588456246639153,0.07012074503062068,0.2530858768826615,879
2017,Q2,Middle Kusko Main,0.014990244596719833,0.056547305777652976,0.2530858768826615,1247
2017,Q2,Takotna and Nixon Fork,0.014826406581783878,0.05592926393925529,0.2530858768826615,606
2017,Q2,Kisaralik,0.012871511951510532,0.04855486629631449,0.2530858768826615,1225
2017,Q2,Tuluksak,0.012301311695822298,0.04640391485553868,0.2530858768826615,815
2017,Q2,Kwethluk,0.01096360345370867,0.041357713206191325,0.2530858768826615,1525
2017,Q2,Tatlawiksuk,0.009220215026543464,0.03478117485526241,0.2530858768826615,310
2017,Q2,George,0.008152347714689409,0.030752887056237105,0.2530858768826615,340
2017,Q2,S. Fork Kusko,0.004591931492956276,0.017322022503825796,0.2530858768826615,740
2017,Q2,Oskakawlik,0.0032818873582058272,0.012380177439725552,0.2530858768826615,149
2017,Q2,Holokuk,0.0020600594328050183,0.00777110806400413,0.2530858768826615,124
2017,Q2,N. Fork Kusko,0.0011520120005272905,0.004345704596948137,0.2530858768826615,890
2017,Q2,E. Fork Kuskokwim,7.144724693169502e-4,0.0026951857210536175,0.2530858768826615,315
2017,Q2,Lower Kusko,6.032687614126539e-4,0.0022756948959439935,0.2530858768826615,5395
2017,Q2,Johnson,0,0,0.2530858768826615,920
2017,Q3,Stony,0.049859554316737935,0.11595270587127696,0.5829562572873799,1450
2017,Q3,Holitna,0.04204752533558263,0.09778515682028859,0.5829562572873799,1319
2017,Q3,Hoholitna,0.04166790761221332,0.09690232297179992,0.5829562572873799,1125
2017,Q3,Aniak,0.034351773938612204,0.07988802134806383,0.5829562572873799,879
2017,Q3,Big River,0.03168029726073161,0.07367527128005365,0.5829562572873799,675
2017,Q3,Swift,0.0310722881355072,0.07226129347318579,0.5829562572873799,804
2017,Q3,Middle Kusko Main,0.030910029830102555,0.07188394775039365,0.5829562572873799,1247
2017,Q3,Upper Kusko Main,0.03044635603866734,0.07080563424568422,0.5829562572873799,1065
2017,Q3,Kisaralik,0.02742663648588677,0.06378301525288356,0.5829562572873799,1225
2017,Q3,Takotna and Nixon Fork,0.023029512362407863,0.05355712280044979,0.5829562572873799,606
2017,Q3,Tuluksak,0.021829906031571093,0.050767334525223494,0.5829562572873799,815
2017,Q3,Kwethluk,0.019383310686120675,0.04507756544556256,0.5829562572873799,1525
2017,Q3,Tatlawiksuk,0.012645167690801222,0.029407431134061215,0.5829562572873799,310
2017,Q3,George,0.012645138737896718,0.029407363801577678,0.5829562572873799,340
2017,Q3,S. Fork Kusko,0.00659506434991726,0.01533739254687618,0.5829562572873799,740
2017,Q3,Oskakawlik,0.005861130187108541,0.01363056517396336,0.5829562572873799,149
2017,Q3,Holokuk,0.004687315639839334,0.010900757922131549,0.5829562572873799,124
2017,Q3,N. Fork Kusko,0.0015728437340794311,0.0036577841374320157,0.5829562572873799,890
2017,Q3,E. Fork Kuskokwim,0.001247854398411332,0.0029019933293024974,0.5829562572873799,315
2017,Q3,Lower Kusko,0.0010394453963012194,0.00241732016978956,0.5829562572873799,5395
2017,Q3,Johnson,0,0,0.5829562572873799,920
2017,Q4,Aniak,0.03151931215678142,0.12036361105878034,0.1532739657241421,879
2017,Q4,Stony,0.029595375047972085,0.1130166227515989,0.1532739657241421,1450
2017,Q4,Holitna,0.027210619280257857,0.1039098943348245,0.1532739657241421,1319
2017,Q4,Middle Kusko Main,0.020326480513580943,0.07762125590053988,0.1532739657241421,1247
2017,Q4,Kisaralik,0.01962289461040239,0.07493445424778222,0.1532739657241421,1225
2017,Q4,Hoholitna,0.01915263551741583,0.07313866370884117,0.1532739657241421,1125
2017,Q4,Kwethluk,0.017200414862966085,0.06568366829573329,0.1532739657241421,1525
2017,Q4,Tuluksak,0.01612119101440529,0.06156240832319998,0.1532739657241421,815
2017,Q4,Upper Kusko Main,0.01472388387407885,0.05622647547252957,0.1532739657241421,1065
2017,Q4,Swift,0.014229698338358672,0.054339316409018575,0.1532739657241421,804
2017,Q4,Takotna and Nixon Fork,0.013659805418761533,0.052163051604179465,0.1532739657241421,606
2017,Q4,Big River,0.011244409726800157,0.04293931771765989,0.1532739657241421,675
2017,Q4,George,0.007606893588129939,0.029048640930135552,0.1532739657241421,340
2017,Q4,Tatlawiksuk,0.005958134918620944,0.022752483633318513,0.1532739657241421,310
2017,Q4,Oskakawlik,0.004080181013727578,0.015581092574066924,0.1532739657241421,149
2017,Q4,Holokuk,0.0037570170355855454,0.01434701794769771,0.1532739657241421,124
2017,Q4,S. Fork Kusko,0.0033117765419022407,0.012646766579814148,0.1532739657241421,740
2017,Q4,E. Fork Kuskokwim,9.79399971497388e-4,0.003740059956065031,0.1532739657241421,315
2017,Q4,N. Fork Kusko,8.286888523729186e-4,0.0031645355145956317,0.1532739657241421,890
2017,Q4,Lower Kusko,7.386398434940047e-4,0.0028206630396184714,0.1532739657241421,5395
2017,Q4,Johnson,0,0,0.1532739657241421,920
2018,Q1,Big River,0.01350244752676897,0.14306892975108884,0.04678652771945894,675
2018,Q1,Swift,0.011865789790971273,0.1257272685326169,0.04678652771945894,804
2018,Q1,Stony,0.010133699293045704,0.10737442300006068,0.04678652771945894,1450
2018,Q1,Upper Kusko Main,0.008975613068404562,0.09510359903348616,0.04678652771945894,1065
2018,Q1,Aniak,0.006590936215469308,0.06983609368119698,0.04678652771945894,879
2018,Q1,Kisaralik,0.006252508357396399,0.06625018739595111,0.04678652771945894,1225
2018,Q1,Middle Kusko Main,0.006186019464402965,0.06554568587931549,0.04678652771945894,1247
2018,Q1,Tatlawiksuk,0.005586182529874574,0.0591899471824593,0.04678652771945894,310
2018,Q1,Hoholitna,0.005190583425645734,0.05499826709332711,0.04678652771945894,1125
2018,Q1,Holitna,0.00459553251775691,0.048693240069871725,0.04678652771945894,1319
2018,Q1,Tuluksak,0.003803883014365722,0.04030509807090324,0.04678652771945894,815
2018,Q1,Kwethluk,0.0025992676850077052,0.02754126206329564,0.04678652771945894,1525
2018,Q1,Takotna and Nixon Fork,0.0025081880469708896,0.02657620248352608,0.04678652771945894,606
2018,Q1,S. Fork Kusko,0.0020876097598497424,0.022119848530239,0.04678652771945894,740
2018,Q1,N. Fork Kusko,0.0012913918540855755,0.0136833007561784,0.04678652771945894,890
2018,Q1,Oskakawlik,9.726811576435634e-4,0.01030631312858097,0.04678652771945894,149
2018,Q1,Holokuk,8.436422035156383e-4,0.008939045081311615,0.04678652771945894,124
2018,Q1,E. Fork Kuskokwim,7.559419543694099e-4,0.008009792754325748,0.04678652771945894,315
2018,Q1,George,5.118024277686304e-4,0.005422944650567996,0.04678652771945894,340
2018,Q1,Lower Kusko,1.2349738952344567e-4,0.0013085508616970463,0.04678652771945894,5395
2018,Q1,Johnson,0,0,0.04678652771945894,920
2018,Q2,Stony,0.03201470994128774,0.12232127285228721,0.23106426217469478,1450
2018,Q2,Big River,0.028261745651246787,0.10798200912730348,0.23106426217469478,675
2018,Q2,Swift,0.026108839346443168,0.09975622041897915,0.23106426217469478,804
2018,Q2,Hoholitna,0.02336107266509182,0.08925759904835379,0.23106426217469478,1125
2018,Q2,Upper Kusko Main,0.021989761400552924,0.08401811570889174,0.23106426217469478,1065
2018,Q2,Holitna,0.01953237399412299,0.07462897065660327,0.23106426217469478,1319
2018,Q2,Takotna and Nixon Fork,0.01628946701296506,0.062238525439255496,0.23106426217469478,606
2018,Q2,Middle Kusko Main,0.015571106809302359,0.05949382668547657,0.23106426217469478,1247
2018,Q2,Aniak,0.014448814690425818,0.05520579156834355,0.23106426217469478,879
2018,Q2,Kisaralik,0.013583531209182906,0.05189973079197589,0.23106426217469478,1225
2018,Q2,Kwethluk,0.013003027691507867,0.049681752577977634,0.23106426217469478,1525
2018,Q2,Tatlawiksuk,0.010969882906034517,0.041913546696738094,0.23106426217469478,310
2018,Q2,Tuluksak,0.007972271447528602,0.030460322544668964,0.23106426217469478,815
2018,Q2,George,0.006092697224076175,0.02327887652017926,0.23106426217469478,340
2018,Q2,S. Fork Kusko,0.005359936756250503,0.020479157475882134,0.23106426217469478,740
2018,Q2,Oskakawlik,0.0020960248463505714,0.008008456975115999,0.23106426217469478,149
2018,Q2,N. Fork Kusko,0.001805356601138086,0.006897876563882023,0.23106426217469478,890
2018,Q2,Holokuk,0.0016012066007245974,0.006117863627667095,0.23106426217469478,124
2018,Q2,E. Fork Kuskokwim,9.818633472755017e-4,0.0037514871952925685,0.23106426217469478,315
2018,Q2,Lower Kusko,6.827389150971208e-4,0.0026085975251259825,0.23106426217469478,5395
2018,Q2,Johnson,0,0,0.23106426217469478,920
2018,Q3,Holitna,0.05271254183224148,0.11183904995606474,0.6241081766905343,1319
2018,Q3,Stony,0.05148995111128403,0.1092451058971317,0.6241081766905343,1450
2018,Q3,Aniak,0.045756749550216115,0.09708109722843447,0.6241081766905343,879
2018,Q3,Hoholitna,0.04563223550561278,0.09681691849656932,0.6241081766905343,1125
2018,Q3,Middle Kusko Main,0.04057611461370596,0.08608945711150703,0.6241081766905343,1247
2018,Q3,Kisaralik,0.03512425409486946,0.07452236359398826,0.6241081766905343,1225
2018,Q3,Tuluksak,0.03028808058774526,0.06426155977654405,0.6241081766905343,815
2018,Q3,Kwethluk,0.029719113082868964,0.0630543938348264,0.6241081766905343,1525
2018,Q3,Upper Kusko Main,0.025576834093721208,0.054265810877214105,0.6241081766905343,1065
2018,Q3,Takotna and Nixon Fork,0.024462955276592688,0.05190251849282667,0.6241081766905343,606
2018,Q3,Swift,0.020953671194962067,0.04445694702020511,0.6241081766905343,804
2018,Q3,Big River,0.02070708806785596,0.04393377697922132,0.6241081766905343,675
2018,Q3,George,0.0169454218926643,0.035952731925006684,0.6241081766905343,340
2018,Q3,Oskakawlik,0.007881750610490455,0.016722538311152464,0.6241081766905343,149
2018,Q3,Tatlawiksuk,0.007730715750439045,0.016402090943765848,0.6241081766905343,310
2018,Q3,Holokuk,0.007680523871213532,0.016295599928668265,0.6241081766905343,124
2018,Q3,S. Fork Kusko,0.004797710295059249,0.010179197259572597,0.6241081766905343,740
2018,Q3,N. Fork Kusko,0.0012874639950319082,0.0027315842691717366,0.6241081766905343,890
2018,Q3,Lower Kusko,0.0011413818301441755,0.0024216449270591175,0.6241081766905343,5395
2018,Q3,E. Fork Kuskokwim,8.604571541633353e-4,0.001825613171070154,0.6241081766905343,315
2018,Q3,Johnson,0,0,0.6241081766905343,920
2018,Q4,Aniak,0.022077843920929267,0.12793459254645304,0.09804103341531303,879
2018,Q4,Stony,0.018959103870788148,0.10986241398580704,0.09804103341531303,1450
2018,Q4,Kwethluk,0.017819554897923685,0.10325906385559135,0.09804103341531303,1525
2018,Q4,Middle Kusko Main,0.016325199363399195,0.0945997143686749,0.09804103341531303,1247
2018,Q4,Holitna,0.016165761861749964,0.0936758210807627,0.09804103341531303,1319
2018,Q4,Kisaralik,0.01588649721852375,0.09205756485648105,0.09804103341531303,1225
2018,Q4,Hoholitna,0.011045408018710885,0.06400488106737329,0.09804103341531303,1125
2018,Q4,Tuluksak,0.010473040003974489,0.060688177270834934,0.09804103341531303,815
2018,Q4,Takotna and Nixon Fork,0.008877156192164089,0.05144050136794057,0.09804103341531303,606
2018,Q4,Upper Kusko Main,0.007023648234012688,0.04069996953625567,0.09804103341531303,1065
2018,Q4,Swift,0.006306705398191894,0.036545497301180244,0.09804103341531303,804
2018,Q4,Big River,0.005752791383453125,0.03333572899068889,0.09804103341531303,675
2018,Q4,George,0.005284780077242917,0.03062374153477716,0.09804103341531303,340
2018,Q4,Holokuk,0.002992448920104716,0.01734035871803359,0.09804103341531303,124
2018,Q4,Oskakawlik,0.0027058154016137616,0.01567940203541419,0.09804103341531303,149
2018,Q4,Tatlawiksuk,0.0021549886776680172,0.012487523664315985,0.09804103341531303,310
2018,Q4,S. Fork Kusko,0.0015811438942159133,0.009162262428717784,0.09804103341531303,740
2018,Q4,Lower Kusko,5.195513991732528e-4,0.0030106470902785598,0.09804103341531303,5395
2018,Q4,E. Fork Kuskokwim,3.1749375695669293e-4,0.0018397826607421525,0.09804103341531303,315
2018,Q4,N. Fork Kusko,3.0240635887984806e-4,0.0017523556396770454,0.09804103341531303,890
2018,Q4,Johnson,0,0,0.09804103341531303,920
2019,Q1,Big River,0.030235973881417154,0.13234328846141546,0.28650937386440417,675
2019,Q1,Stony,0.02770321915182036,0.12125738492493117,0.28650937386440417,1450
2019,Q1,Swift,0.025997797753230092,0.11379273116556897,0.28650937386440417,804
2019,Q1,Hoholitna,0.02187003674498957,0.09572546242285092,0.28650937386440417,1125
2019,Q1,Upper Kusko Main,0.021302291921866563,0.09324043524318323,0.28650937386440417,1065
2019,Q1,Holitna,0.014927424790774168,0.06533755098543928,0.28650937386440417,1319
2019,Q1,Middle Kusko Main,0.01433562339237137,0.06274722783302962,0.28650937386440417,1247
2019,Q1,Takotna and Nixon Fork,0.011550026315214448,0.050554629738941835,0.28650937386440417,606
2019,Q1,Tatlawiksuk,0.011266475628619089,0.04931352434386847,0.28650937386440417,310
2019,Q1,Kisaralik,0.010737117704492472,0.0469965171680195,0.28650937386440417,1225
2019,Q1,Aniak,0.009124984944533811,0.039940189109063516,0.28650937386440417,879
2019,Q1,Tuluksak,0.007689475693968986,0.033656944667140976,0.28650937386440417,815
2019,Q1,Kwethluk,0.006654822646193834,0.029128253535966746,0.28650937386440417,1525
2019,Q1,S. Fork Kusko,0.0049015118834869744,0.021453987347569668,0.28650937386440417,740
2019,Q1,George,0.003706135367094759,0.016221807304375307,0.28650937386440417,340
2019,Q1,Oskakawlik,0.0019895734597456995,0.008708391379453046,0.28650937386440417,149
2019,Q1,Holokuk,0.001704598914664379,0.0074610537355005,0.28650937386440417,124
2019,Q1,N. Fork Kusko,0.0014362601727948392,0.006286531239222001,0.28650937386440417,890
2019,Q1,E. Fork Kuskokwim,8.920883611287313e-4,0.003904683466554087,0.28650937386440417,315
2019,Q1,Lower Kusko,4.408041232843994e-4,0.001929405927905709,0.28650937386440417,5395
2019,Q1,Johnson,0,0,0.28650937386440417,920
2019,Q2,Stony,0.045676940431710104,0.11267602089228762,0.40467023387949935,1450
2019,Q2,Holitna,0.041807706249355266,0.10313138179326616,0.40467023387949935,1319
2019,Q2,Hoholitna,0.03886579450788812,0.09587426461965949,0.40467023387949935,1125
2019,Q2,Aniak,0.033050973795745134,0.08153024652532319,0.40467023387949935,879
2019,Q2,Middle Kusko Main,0.031194076118787935,0.0769496454722277,0.40467023387949935,1247
2019,Q2,Upper Kusko Main,0.027644423809070548,0.06819335194578124,0.40467023387949935,1065
2019,Q2,Kisaralik,0.026752655569824098,0.06599353523724662,0.40467023387949935,1225
2019,Q2,Big River,0.026575400608713606,0.06555628213945619,0.40467023387949935,675
2019,Q2,Swift,0.026387654606933857,0.06509314970941521,0.40467023387949935,804
2019,Q2,Tuluksak,0.022958406997949554,0.056633870878941964,0.40467023387949935,815
2019,Q2,Takotna and Nixon Fork,0.021933911288814344,0.054106641628568757,0.40467023387949935,606
2019,Q2,Kwethluk,0.01848168461799072,0.04559067797578901,0.40467023387949935,1525
2019,Q2,George,0.013388359995614997,0.033026448713979736,0.40467023387949935,340
2019,Q2,Tatlawiksuk,0.01069626831956138,0.02638558846659785,0.40467023387949935,310
2019,Q2,Oskakawlik,0.005917803614785936,0.014598056643767001,0.40467023387949935,149
2019,Q2,S. Fork Kusko,0.005737239906286509,0.014152641517469535,0.40467023387949935,740
2019,Q2,Holokuk,0.00545527405366471,0.013457087261850695,0.40467023387949935,124
2019,Q2,N. Fork Kusko,0.0011151401085696825,0.0027508311411286192,0.40467023387949935,890
2019,Q2,Lower Kusko,9.247828054053372e-4,0.002281257144586266,0.40467023387949935,5395
2019,Q2,E. Fork Kuskokwim,8.184764505154133e-4,0.002019020292657268,0.40467023387949935,315
2019,Q2,Johnson,0,0,0.40467023387949935,920
2019,Q3,Holitna,0.05118137938537581,0.14131451124136046,0.30714908880123776,1319
2019,Q3,Hoholitna,0.0455797679148451,0.12584816397546,0.30714908880123776,1125
2019,Q3,Stony,0.042312955935555945,0.11682832231205592,0.30714908880123776,1450
2019,Q3,Aniak,0.03235379307817572,0.08933054385308115,0.30714908880123776,879
2019,Q3,Middle Kusko Main,0.025691822727291595,0.07093648930931828,0.30714908880123776,1247
2019,Q3,Tuluksak,0.023885128118855143,0.06594810938248612,0.30714908880123776,815
2019,Q3,Takotna and Nixon Fork,0.023496423524362358,0.06487487531869841,0.30714908880123776,606
2019,Q3,Upper Kusko Main,0.021232956865356475,0.05862532346078317,0.30714908880123776,1065
2019,Q3,Kisaralik,0.019591234497866625,0.054092440667434474,0.30714908880123776,1225
2019,Q3,George,0.017535428092271776,0.04841624981634336,0.30714908880123776,340
2019,Q3,Kwethluk,0.01403939660924584,0.03876352090905282,0.30714908880123776,1525
2019,Q3,Swift,0.013649086645113872,0.03768585433428872,0.30714908880123776,804
2019,Q3,Big River,0.010807107910558594,0.029838999859968456,0.30714908880123776,675
2019,Q3,Oskakawlik,0.006285666301669071,0.017355059045174096,0.30714908880123776,149
2019,Q3,Holokuk,0.0049298475170754365,0.013611571253763548,0.30714908880123776,124
2019,Q3,Tatlawiksuk,0.004334371100124523,0.011967429188275957,0.30714908880123776,310
2019,Q3,S. Fork Kusko,0.0036275564502946042,0.01001587633881355,0.30714908880123776,740
2019,Q3,Lower Kusko,9.676414246540247e-4,0.0026717094502722288,0.30714908880123776,5395
2019,Q3,N. Fork Kusko,4.750779442110522e-4,0.001311715477268237,0.30714908880123776,890
2019,Q3,E. Fork Kuskokwim,2.0399273960529878e-4,5.632348061010964e-4,0.30714908880123776,315
2019,Q3,Johnson,0,0,0.30714908880123776,920
2019,Q4,Kwethluk,0.0014271011294578703,0.35945787074815605,0.0016713034548608314,1525
2019,Q4,Aniak,0.0010638541096619257,0.2679633034773233,0.0016713034548608314,879
2019,Q4,Kisaralik,4.78629493101666e-4,0.12055707540008147,0.0016713034548608314,1225
2019,Q4,Stony,3.846811332550938e-4,0.09689338633583193,0.0016713034548608314,1450
2019,Q4,Middle Kusko Main,2.0828556894217446e-4,0.05246291630920646,0.0016713034548608314,1247
2019,Q4,Holitna,2.0117623590947708e-4,0.0506722193069949,0.0016713034548608314,1319
2019,Q4,Tuluksak,1.433924835994833e-4,0.036117662422102216,0.0016713034548608314,815
2019,Q4,Oskakawlik,3.495846442143695e-5,0.008805329157246567,0.0016713034548608314,149
2019,Q4,Holokuk,2.3094601781558476e-5,0.00581706244275007,0.0016713034548608314,124
2019,Q4,Lower Kusko,4.975288476404037e-6,0.0012531744003071563,0.0016713034548608314,5395
2019,Q4,Big River,0,0,0.0016713034548608314,675
2019,Q4,E. Fork Kuskokwim,0,0,0.0016713034548608314,315
2019,Q4,George,0,0,0.0016713034548608314,340
2019,Q4,Hoholitna,0,0,0.0016713034548608314,1125
2019,Q4,Johnson,0,0,0.0016713034548608314,920
2019,Q4,N. Fork Kusko,0,0,0.0016713034548608314,890
2019,Q4,S. Fork Kusko,0,0,0.0016713034548608314,740
2019,Q4,Swift,0,0,0.0016713034548608314,804
2019,Q4,Takotna and Nixon Fork,0,0,0.0016713034548608314,606
2019,Q4,Tatlawiksuk,0,0,0.0016713034548608314,310
2019,Q4,Upper Kusko Main,0,0,0.0016713034548608314,1065
2020,Q1,Big River,0.015748415573761918,0.12756382160432655,0.1411163822786749,675
2020,Q1,Swift,0.015343046186635415,0.12428028695659905,0.1411163822786749,804
2020,Q1,Upper Kusko Main,0.01209008576755679,0.09793096561428996,0.1411163822786749,1065
2020,Q1,Stony,0.011895396768173484,0.09635396425378225,0.1411163822786749,1450
2020,Q1,Aniak,0.010901693137657539,0.08830486038952441,0.1411163822786749,879
2020,Q1,Middle Kusko Main,0.008977872102910983,0.07272170777803684,0.1411163822786749,1247
2020,Q1,Tatlawiksuk,0.007527359334222901,0.06097240187528918,0.1411163822786749,310
2020,Q1,Tuluksak,0.006074658699289284,0.04920537402596641,0.1411163822786749,815
2020,Q1,Holitna,0.00596107765864717,0.04828535565724579,0.1411163822786749,1319
2020,Q1,Kisaralik,0.00571185165764118,0.04626659885072263,0.1411163822786749,1225
2020,Q1,Hoholitna,0.005587077494957797,0.045255915016858925,0.1411163822786749,1125
2020,Q1,Kwethluk,0.0041481309884277544,0.03360029705342452,0.1411163822786749,1525
2020,Q1,Takotna and Nixon Fork,0.0037169074967993796,0.030107341441475595,0.1411163822786749,606
2020,Q1,S. Fork Kusko,0.002973340029614016,0.024084366794245176,0.1411163822786749,740
2020,Q1,Holokuk,0.0016362254208423272,0.013253597907115435,0.1411163822786749,124
2020,Q1,Oskakawlik,0.0014976319613477535,0.012130976316410925,0.1411163822786749,149
2020,Q1,George,0.001238178079657369,0.010029372601200093,0.1411163822786749,340
2020,Q1,N. Fork Kusko,0.0011438445323279835,0.009265260951588935,0.1411163822786749,890
2020,Q1,E. Fork Kuskokwim,0.0010198011018198595,0.008260496125158398,0.1411163822786749,315
2020,Q1,Lower Kusko,2.625939732268158e-4,0.0021270387867390475,0.1411163822786749,5395
2020,Q1,Johnson,0,0,0.1411163822786749,920
2020,Q2,Stony,0.026236302207925555,0.10767686869276161,0.18387022725533725,1450
2020,Q2,Big River,0.026119176969082104,0.10719617294289535,0.18387022725533725,675
2020,Q2,Swift,0.024021041126747085,0.09858517678176565,0.18387022725533725,804
2020,Q2,Middle Kusko Main,0.020890372059887512,0.08573654287897116,0.18387022725533725,1247
2020,Q2,Upper Kusko Main,0.019985868914796198,0.08202435563496314,0.18387022725533725,1065
2020,Q2,Hoholitna,0.01919225909237879,0.07876728762421621,0.18387022725533725,1125
2020,Q2,Holitna,0.01728718739215385,0.07094864939960212,0.18387022725533725,1319
2020,Q2,Kisaralik,0.01517102239112418,0.062263659451618734,0.18387022725533725,1225
2020,Q2,Aniak,0.013869700134766036,0.05692287992352953,0.18387022725533725,879
2020,Q2,Takotna and Nixon Fork,0.01169069457703584,0.04797998494309152,0.18387022725533725,606
2020,Q2,Tuluksak,0.011200453383901089,0.045967977451997405,0.18387022725533725,815
2020,Q2,Tatlawiksuk,0.010142146335476327,0.04162456090698485,0.18387022725533725,310
2020,Q2,Kwethluk,0.009199928603289597,0.0377575885636791,0.18387022725533725,1525
2020,Q2,George,0.005032197469569545,0.020652730017845383,0.18387022725533725,340
2020,Q2,S. Fork Kusko,0.004652078042564672,0.019092675201248268,0.18387022725533725,740
2020,Q2,Holokuk,0.0035118543048774362,0.014413062933089924,0.18387022725533725,124
2020,Q2,Oskakawlik,0.0030092678559279578,0.01235038906078082,0.18387022725533725,149
2020,Q2,N. Fork Kusko,0.0013360771271715838,0.005483417603811471,0.18387022725533725,890
2020,Q2,E. Fork Kuskokwim,6.356661135304122e-4,0.002608848461060019,0.18387022725533725,315
2020,Q2,Lower Kusko,4.74443408591992e-4,0.0019471715260877642,0.18387022725533725,5395
2020,Q2,Johnson,0,0,0.18387022725533725,920
2020,Q3,Stony,0.0367491602364321,0.12490192847470172,0.35009054505573045,1450
2020,Q3,Hoholitna,0.034505724557969936,0.11727700750110355,0.35009054505573045,1125
2020,Q3,Holitna,0.030499450796490666,0.10366060604901586,0.35009054505573045,1319
2020,Q3,Big River,0.022857863896262112,0.07768861283053273,0.35009054505573045,675
2020,Q3,Middle Kusko Main,0.021204043408171593,0.07206765803906287,0.35009054505573045,1247
2020,Q3,Swift,0.021087082544159263,0.07167013501058458,0.35009054505573045,804
2020,Q3,Upper Kusko Main,0.019947551669822577,0.06779713212166412,0.35009054505573045,1065
2020,Q3,Tuluksak,0.017126149727047863,0.058207836981649476,0.35009054505573045,815
2020,Q3,Aniak,0.01685277710798325,0.05727870643570841,0.35009054505573045,879
2020,Q3,Kisaralik,0.015625544757609067,0.05310762643654397,0.35009054505573045,1225
2020,Q3,Takotna and Nixon Fork,0.015165896833213748,0.05154538904643753,0.35009054505573045,606
2020,Q3,Kwethluk,0.011414663320703927,0.038795810638196544,0.35009054505573045,1525
2020,Q3,George,0.009503585559443244,0.03230049764843356,0.35009054505573045,340
2020,Q3,Tatlawiksuk,0.00803419826925133,0.02730638880239692,0.35009054505573045,310
2020,Q3,S. Fork Kusko,0.004251102052658272,0.014448516404284814,0.35009054505573045,740
2020,Q3,Oskakawlik,0.004178638748904376,0.014202230330690757,0.35009054505573045,149
2020,Q3,Holokuk,0.0033168119532656242,0.011273079621017206,0.35009054505573045,124
2020,Q3,N. Fork Kusko,8.43098778644135e-4,0.0028654984949267417,0.35009054505573045,890
2020,Q3,Lower Kusko,7.068217117808088e-4,0.002402324143496778,0.35009054505573045,5395
2020,Q3,E. Fork Kuskokwim,3.539560290041326e-4,0.0012030149895516547,0.35009054505573045,315
2020,Q3,Johnson,0,0,0.35009054505573045,920
2020,Q4,Stony,0.04250624847776909,0.12551195268288975,0.32492284541025873,1450
2020,Q4,Holitna,0.04232856838520701,0.12498730098651653,0.32492284541025873,1319
2020,Q4,Hoholitna,0.041182459210775735,0.1216030832391923,0.32492284541025873,1125
2020,Q4,Takotna and Nixon Fork,0.025978769325549007,0.07670980580780631,0.32492284541025873,606
2020,Q4,Upper Kusko Main,0.024232089586415387,0.07155223033075726,0.32492284541025873,1065
2020,Q4,Aniak,0.023212545282389127,0.06854173185046933,0.32492284541025873,879
2020,Q4,Swift,0.019965644053395713,0.05895431992837083,0.32492284541025873,804
2020,Q4,Middle Kusko Main,0.019151275657941152,0.05654966246794626,0.32492284541025873,1247
2020,Q4,Big River,0.019053355811122503,0.05626052589107238,0.32492284541025873,675
2020,Q4,George,0.016038033535365086,0.04735691758989598,0.32492284541025873,340
2020,Q4,Tuluksak,0.01567012659013703,0.046270566270858085,0.32492284541025873,815
2020,Q4,Kwethluk,0.014596642687349426,0.043100795575074874,0.32492284541025873,1525
2020,Q4,Kisaralik,0.014077870846211258,0.0415689721582846,0.32492284541025873,1225
2020,Q4,Tatlawiksuk,0.007220720599246445,0.021321259218229513,0.32492284541025873,310
2020,Q4,S. Fork Kusko,0.004906672466576968,0.014488364993620573,0.32492284541025873,740
2020,Q4,Oskakawlik,0.004177723295339597,0.012335932418056382,0.32492284541025873,149
2020,Q4,Holokuk,0.0026332427642534856,0.007775408394424666,0.32492284541025873,124
2020,Q4,Lower Kusko,9.240920876137842e-4,0.002728648293576764,0.32492284541025873,5395
2020,Q4,N. Fork Kusko,5.652322117425283e-4,0.0016690110549788311,0.32492284541025873,890
2020,Q4,E. Fork Kuskokwim,2.4163969046351385e-4,7.135108479786629e-4,0.32492284541025873,315
2020,Q4,Johnson,0,0,0.32492284541025873,920
2021,Q1,Big River,0.024032016442990835,0.17582085870210598,0.1293671091333415,675
2021,Q1,Swift,0.02132357233356079,0.15600558559773275,0.1293671091333415,804
2021,Q1,Upper Kusko Main,0.016090461170619963,0.11771957241467401,0.1293671091333415,1065
2021,Q1,Stony,0.01552975403131294,0.11361737770507785,0.1293671091333415,1450
2021,Q1,Hoholitna,0.009608786418951094,0.07029893156376615,0.1293671091333415,1125
2021,Q1,Tatlawiksuk,0.009305442175346701,0.06807963192574427,0.1293671091333415,310
2021,Q1,Takotna and Nixon Fork,0.0066348971607635265,0.048541632741177926,0.1293671091333415,606
2021,Q1,Middle Kusko Main,0.006345095281242003,0.04642141051880089,0.1293671091333415,1247
2021,Q1,Holitna,0.005316308513234257,0.038894694090257205,0.1293671091333415,1319
2021,Q1,S. Fork Kusko,0.003866407237346882,0.028287057899406318,0.1293671091333415,740
2021,Q1,Aniak,0.00361303563693864,0.026433363580405635,0.1293671091333415,879
2021,Q1,Kisaralik,0.003356359917745577,0.024555495967275357,0.1293671091333415,1225
2021,Q1,N. Fork Kusko,0.002434659274069458,0.01781223332754443,0.1293671091333415,890
2021,Q1,George,0.0023241765595833548,0.017003929713956027,0.1293671091333415,340
2021,Q1,Kwethluk,0.0022981331379242805,0.016813393194871094,0.1293671091333415,1525
2021,Q1,Tuluksak,0.0019178485377874107,0.014031189499818587,0.1293671091333415,815
2021,Q1,E. Fork Kuskokwim,0.0015407627548718616,0.01127238870114883,0.1293671091333415,315
2021,Q1,Oskakawlik,5.277397698363977e-4,0.003861001831619065,0.1293671091333415,149
2021,Q1,Holokuk,4.4753332384824923e-4,0.00327420270718716,0.1293671091333415,124
2021,Q1,Lower Kusko,1.7168255257372916e-4,0.001256048317430573,0.1293671091333415,5395
2021,Q1,Johnson,0,0,0.1293671091333415,920
2021,Q2,Stony,0.02580074962133176,0.11730712584868871,0.18191558581506734,1450
2021,Q2,Hoholitna,0.020554507707537268,0.09345427004230789,0.18191558581506734,1125
2021,Q2,Holitna,0.019721724374656257,0.08966789093826058,0.18191558581506734,1319
2021,Q2,Big River,0.019611247811784964,0.08916559204174476,0.18191558581506734,675
2021,Q2,Swift,0.019435445835422907,0.08836628098031316,0.18191558581506734,804
2021,Q2,Upper Kusko Main,0.01704741608876752,0.07750873187291435,0.18191558581506734,1065
2021,Q2,Aniak,0.015260428105929738,0.06938391273899572,0.18191558581506734,879
2021,Q2,Middle Kusko Main,0.015037473434556485,0.0683702146070732,0.18191558581506734,1247
2021,Q2,Kisaralik,0.013595986458460203,0.061816269601756284,0.18191558581506734,1225
2021,Q2,Takotna and Nixon Fork,0.01239796473916707,0.056369277298928315,0.18191558581506734,606
2021,Q2,Tuluksak,0.009096817632287781,0.041360097922545,0.18191558581506734,815
2021,Q2,Tatlawiksuk,0.008181429245862282,0.03719814207929074,0.18191558581506734,310
2021,Q2,Kwethluk,0.007732958373533334,0.035159099422317944,0.18191558581506734,1525
2021,Q2,George,0.0058572342942640075,0.026630827807979485,0.18191558581506734,340
2021,Q2,S. Fork Kusko,0.003990841022558242,0.018144980163222933,0.18191558581506734,740
2021,Q2,Oskakawlik,0.002403878007797559,0.010929605694574601,0.18191558581506734,149
2021,Q2,Holokuk,0.0018924596009522632,0.008604362269727193,0.18191558581506734,124
2021,Q2,N. Fork Kusko,9.782669738607934e-4,0.004447843132488793,0.18191558581506734,890
2021,Q2,E. Fork Kuskokwim,8.471274896318499e-4,0.003851597046388344,0.18191558581506734,315
2021,Q2,Lower Kusko,4.979216879065474e-4,0.002263878490481998,0.18191558581506734,5395
2021,Q2,Johnson,0,0,0.18191558581506734,920
2021,Q3,Holitna,0.05327856737820447,0.12797494126511025,0.5353458485651478,1319
2021,Q3,Hoholitna,0.05082222248460958,0.12207480901768689,0.5353458485651478,1125
2021,Q3,Stony,0.05009420757592147,0.12032611963349053,0.5353458485651478,1450
2021,Q3,Aniak,0.032231704060496275,0.07742044572512,0.5353458485651478,879
2021,Q3,Middle Kusko Main,0.02728480701562907,0.06553801551134487,0.5353458485651478,1247
2021,Q3,Kisaralik,0.02703486042226012,0.06493764462714413,0.5353458485651478,1225
2021,Q3,Upper Kusko Main,0.02566510304255873,0.06164749196649935,0.5353458485651478,1065
2021,Q3,Takotna and Nixon Fork,0.024242489251460924,0.058230378381850786,0.5353458485651478,606
2021,Q3,Tuluksak,0.023842645971599172,0.05726995615629957,0.5353458485651478,815
2021,Q3,Swift,0.020738854986293513,0.04981466055452329,0.5353458485651478,804
2021,Q3,Kwethluk,0.020412755842358535,0.049031371497679326,0.5353458485651478,1525
2021,Q3,Big River,0.019460607656427216,0.046744314728579754,0.5353458485651478,675
2021,Q3,George,0.01685848194069127,0.040494017432260665,0.5353458485651478,340
2021,Q3,Tatlawiksuk,0.007232712558804691,0.0173729514596353,0.5353458485651478,310
2021,Q3,Oskakawlik,0.006227662242612427,0.014958823949971764,0.5353458485651478,149
2021,Q3,S. Fork Kusko,0.0047983955712535544,0.01152573016911014,0.5353458485651478,740
2021,Q3,Holokuk,0.004027357450822858,0.009673699173703813,0.5353458485651478,124
2021,Q3,Lower Kusko,9.504094419852966e-4,0.0022828803119363003,0.5353458485651478,5395
2021,Q3,N. Fork Kusko,6.845021880189801e-4,0.0016441719741774454,0.5353458485651478,890
2021,Q3,E. Fork Kuskokwim,4.3196415637442216e-4,0.001037576463875868,0.5353458485651478,315
2021,Q3,Johnson,0,0,0.5353458485651478,920
2021,Q4,Holitna,0.025675455770422052,0.11308126368029905,0.153371456486444,1319
2021,Q4,Stony,0.024333465917514972,0.10717079767845773,0.153371456486444,1450
2021,Q4,Aniak,0.024280657054133237,0.10693821395888814,0.153371456486444,879
2021,Q4,Hoholitna,0.02061848988794804,0.09080909459042938,0.153371456486444,1125
2021,Q4,Kisaralik,0.019330592708755284,0.08513686653669461,0.153371456486444,1225
2021,Q4,Middle Kusko Main,0.01833508095952847,0.08075237857987977,0.153371456486444,1247
2021,Q4,Tuluksak,0.015268743675109088,0.06724744616144067,0.153371456486444,815
2021,Q4,Kwethluk,0.015082855489854802,0.06642874712529744,0.153371456486444,1525
2021,Q4,Upper Kusko Main,0.012321096955533937,0.05426525729931984,0.153371456486444,1065
2021,Q4,Swift,0.010071559179487453,0.044357718493136376,0.153371456486444,804
2021,Q4,Big River,0.009986766214303281,0.043984268621789974,0.153371456486444,675
2021,Q4,Takotna and Nixon Fork,0.00981215631281627,0.04321524202737268,0.153371456486444,606
2021,Q4,George,0.007541747787268159,0.0332157831108431,0.153371456486444,340
2021,Q4,Tatlawiksuk,0.004092733906158159,0.01802544524053702,0.153371456486444,310
2021,Q4,Oskakawlik,0.003840446177204427,0.016914305658197588,0.153371456486444,149
2021,Q4,Holokuk,0.00325263870569575,0.0143254514515472,0.153371456486444,124
2021,Q4,S. Fork Kusko,0.0022123275346048483,0.009743655400892037,0.153371456486444,740
2021,Q4,Lower Kusko,5.005384184900093e-4,0.002204499012188647,0.153371456486444,5395
2021,Q4,N. Fork Kusko,3.6839849069603787e-4,0.0016225210270196546,0.153371456486444,890
2021,Q4,E. Fork Kuskokwim,1.2738687927793305e-4,5.610443457690413e-4,0.153371456486444,315
2021,Q4,Johnson,0,0,0.153371456486444,920
2022,Q1,Stony,0.01067014318147374,0.1128440436642841,0.04237009967674566,1450
2022,Q1,Swift,0.010583609990618642,0.11192889613522258,0.04237009967674566,804
2022,Q1,Big River,0.009762411472320095,0.10324416155576255,0.04237009967674566,675
2022,Q1,Upper Kusko Main,0.008914077692325072,0.09427245307130153,0.04237009967674566,1065
2022,Q1,Hoholitna,0.008161112784827897,0.08630933547726476,0.04237009967674566,1125
2022,Q1,Holitna,0.007486998018163316,0.07918011191667415,0.04237009967674566,1319
2022,Q1,Middle Kusko Main,0.006407037670702931,0.06775879445805663,0.04237009967674566,1247
2022,Q1,Takotna and Nixon Fork,0.006124503027860545,0.06477079785563662,0.04237009967674566,606
2022,Q1,Kisaralik,0.005441636844411017,0.05754902209204285,0.04237009967674566,1225
2022,Q1,Tatlawiksuk,0.004476923566985109,0.04734652102435552,0.04237009967674566,310
2022,Q1,Aniak,0.003968292347826971,0.04196739887692684,0.04237009967674566,879
2022,Q1,Tuluksak,0.0031945751082541425,0.03378481121327148,0.04237009967674566,815
2022,Q1,George,0.0023933618252141107,0.025311434131251125,0.04237009967674566,340
2022,Q1,S. Fork Kusko,0.0022449536764858036,0.023741916709562785,0.04237009967674566,740
2022,Q1,Kwethluk,0.002195615370396738,0.02322013046246696,0.04237009967674566,1525
2022,Q1,Oskakawlik,8.160950068808778e-4,0.008630761464435232,0.04237009967674566,149
2022,Q1,Holokuk,7.518499025242595e-4,0.007951325655755365,0.04237009967674566,124
2022,Q1,N. Fork Kusko,4.40399206761357e-4,0.004657522066225041,0.04237009967674566,890
2022,Q1,E. Fork Kuskokwim,2.8353458647587264e-4,0.0029985716885383876,0.04237009967674566,315
2022,Q1,Lower Kusko,2.3941627833196045e-4,0.002531990480965658,0.04237009967674566,5395
2022,Q1,Johnson,0,0,0.04237009967674566,920
2022,Q2,Stony,0.03488495876152421,0.11249334143672989,0.40450361358952514,1450
2022,Q2,Big River,0.027540114917136142,0.08880846245967637,0.40450361358952514,675
2022,Q2,Swift,0.02737454269111279,0.08827454258085964,0.40450361358952514,804
2022,Q2,Holitna,0.026591606992858015,0.08574981398854924,0.40450361358952514,1319
2022,Q2,Hoholitna,0.026006620992955618,0.08386341273829767,0.40450361358952514,1125
2022,Q2,Upper Kusko Main,0.02457222843536661,0.07923793466798522,0.40450361358952514,1065
2022,Q2,Aniak,0.02249441596233196,0.07253762380998954,0.40450361358952514,879
2022,Q2,Middle Kusko Main,0.02204945680000421,0.07110276635995462,0.40450361358952514,1247
2022,Q2,Kisaralik,0.019110102265459845,0.061624245387104815,0.40450361358952514,1225
2022,Q2,Takotna and Nixon Fork,0.0167312355055996,0.05395312636762076,0.40450361358952514,606
2022,Q2,Tuluksak,0.01503761831711569,0.048491728005374025,0.40450361358952514,815
2022,Q2,Kwethluk,0.012684840576008742,0.04090473810624866,0.40450361358952514,1525
2022,Q2,Tatlawiksuk,0.011525298783657722,0.037165569840383814,0.40450361358952514,310
2022,Q2,George,0.007675156216639469,0.024750035531386192,0.40450361358952514,340
2022,Q2,S. Fork Kusko,0.0056216075495250685,0.01812796803961,0.40450361358952514,740
2022,Q2,Oskakawlik,0.0038645852092453192,0.012462107420762076,0.40450361358952514,149
2022,Q2,Holokuk,0.0036642090526560708,0.011815955491701021,0.40450361358952514,124
2022,Q2,N. Fork Kusko,0.0012080459743562233,0.0038955794442390767,0.40450361358952514,890
2022,Q2,E. Fork Kuskokwim,7.661544195777903e-4,0.0024706140919932224,0.40450361358952514,315
2022,Q2,Lower Kusko,7.040772682743718e-4,0.0022704342315343572,0.40450361358952514,5395
2022,Q2,Johnson,0,0,0.40450361358952514,920
2022,Q3,Holitna,0.04426519147001146,0.10692093363592807,0.4809079329782709,1319
2022,Q3,Stony,0.043965050486084706,0.10619595418462276,0.4809079329782709,1450
2022,Q3,Hoholitna,0.038105080969077255,0.09204141444291682,0.4809079329782709,1125
2022,Q3,Aniak,0.03448688448686363,0.08330179459469803,0.4809079329782709,879
2022,Q3,Middle Kusko Main,0.030978835958278206,0.07482823305660755,0.4809079329782709,1247
2022,Q3,Upper Kusko Main,0.029939443924069276,0.07231762002138241,0.4809079329782709,1065
2022,Q3,Big River,0.0272564338834865,0.06583690845170473,0.4809079329782709,675
2022,Q3,Swift,0.027143388968214117,0.06556385263781747,0.4809079329782709,804
2022,Q3,Kisaralik,0.0270251001274568,0.06527813031577454,0.4809079329782709,1225
2022,Q3,Takotna and Nixon Fork,0.022804268916005257,0.05508286855679616,0.4809079329782709,606
2022,Q3,Tuluksak,0.021797158458442153,0.05265023047659937,0.4809079329782709,815
2022,Q3,Kwethluk,0.021472076652019962,0.05186500739054887,0.4809079329782709,1525
2022,Q3,George,0.014347432719622676,0.0346556933499315,0.4809079329782709,340
2022,Q3,Tatlawiksuk,0.01143878725431771,0.02762996775294618,0.4809079329782709,310
2022,Q3,S. Fork Kusko,0.005937870010632711,0.014342705504295514,0.4809079329782709,740
2022,Q3,Oskakawlik,0.005896332328155305,0.014242372767802868,0.4809079329782709,149
2022,Q3,Holokuk,0.004857912702538252,0.011734108549583792,0.4809079329782709,124
2022,Q3,N. Fork Kusko,0.0010599441924779595,0.0025602560137687825,0.4809079329782709,890
2022,Q3,Lower Kusko,9.293399166440982e-4,0.0022447862135655866,0.4809079329782709,5395
2022,Q3,E. Fork Kuskokwim,2.9276460583518334e-4,7.071620827091434e-4,0.4809079329782709,315
2022,Q3,Johnson,0,0,0.4809079329782709,920
2022,Q4,Stony,0.02107330884348166,0.11621057241235096,0.072218353755457515,1450
2022,Q4,Holitna,0.02035230819184768,0.11223455236450795,0.072218353755457515,1319
2022,Q4,Hoholitna,0.01831537444953471,0.1010017062121373,0.072218353755457515,1125
2022,Q4,Aniak,0.017614365958740906,0.09713593465314173,0.072218353755457515,879
2022,Q4,Kisaralik,0.016226559470017436,0.08948275651913382,0.072218353755457515,1225
2022,Q4,Middle Kusko Main,0.014077443031163414,0.07763126924701165,0.072218353755457515,1247
2022,Q4,Tuluksak,0.011979689191235475,0.06606302544017192,0.072218353755457515,815
2022,Q4,Upper Kusko Main,0.010441847065574805,0.057582462893956785,0.072218353755457515,1065
2022,Q4,Big River,0.009282330019297581,0.051188206506857285,0.072218353755457515,675
2022,Q4,Swift,0.008632798954583534,0.047606311637349345,0.072218353755457515,804
2022,Q4,Kwethluk,0.008453091733869635,0.04661530072677462,0.072218353755457515,1525
2022,Q4,Takotna and Nixon Fork,0.007948077330382027,0.0438303554036804,0.072218353755457515,606
2022,Q4,George,0.005113214561037184,0.02819726106700599,0.072218353755457515,340
2022,Q4,Tatlawiksuk,0.003543838542803305,0.019542802160540152,0.072218353755457515,310
2022,Q4,Oskakawlik,0.003213572193974834,0.017721520000678188,0.072218353755457515,149
2022,Q4,Holokuk,0.002491579888239771,0.013740031391083938,0.072218353755457515,124
2022,Q4,S. Fork Kusko,0.0019131319256620424,0.010550130396361474,0.072218353755457515,740
2022,Q4,Lower Kusko,3.783716520571936e-4,0.0020865629881267654,0.072218353755457515,5395
2022,Q4,N. Fork Kusko,2.660463394727994e-4,0.0014671353999496795,0.072218353755457515,890
2022,Q4,E. Fork Kuskokwim,2.0328376533856367e-5,1.1210257918010674e-4,0.072218353755457515,315
2022,Q4,Johnson,0,0,0.072218353755457515,920
