year,doy,cpue,total_annual_cpue,cumulative_cpue,cumulative_proportion,remaining_cpue,remaining_proportion
2017,152,0.003648834,1,0.003648834,0.003648834,0.996351166,0.996351166
2017,153,0,1,0.003648834,0.003648834,0.996351166,0.996351166
2017,154,0.003731139,1,0.007379973,0.007379973,0.992620027,0.992620027
2017,155,0.007407407,1,0.01478738,0.01478738,0.98521262,0.98521262
2017,156,0,1,0.01478738,0.01478738,0.98521262,0.98521262
2017,157,0,1,0.01478738,0.01478738,0.98521262,0.98521262
2017,158,0.007407407,1,0.022194787,0.022194787,0.977805213,0.977805213
2017,159,0,1,0.022194787,0.022194787,0.977805213,0.977805213
2017,160,0.003731139,1,0.025925926,0.025925926,0.974074074,0.974074074
2017,161,0.007325103,1,0.033251029,0.033251029,0.966748971,0.966748971
2017,162,0.015555556,1,0.048806584,0.048806584,0.951193416,0.951193416
2017,163,0.007654321,1,0.056460905,0.056460905,0.943539095,0.943539095
2017,164,0.007325103,1,0.063786008,0.063786008,0.936213992,0.936213992
2017,165,0.011056241,1,0.07484225,0.07484225,0.92515775,0.92515775
2017,166,0.02266118,1,0.097503429,0.097503429,0.902496571,0.902496571
2017,167,0.021262003,1,0.118765432,0.118765432,0.881234568,0.881234568
2017,168,0,1,0.118765432,0.118765432,0.881234568,0.881234568
2017,169,0.010891632,1,0.129657064,0.129657064,0.870342936,0.870342936
2017,170,0.065624143,1,0.195281207,0.195281207,0.804718793,0.804718793
2017,171,0.025679012,1,0.220960219,0.220960219,0.779039781,0.779039781
2017,172,0.036735254,1,0.257695473,0.257695473,0.742304527,0.742304527
2017,173,0.040987654,1,0.298683128,0.298683128,0.701316872,0.701316872
2017,174,0.033443073,1,0.3321262,0.3321262,0.6678738,0.6678738
2017,175,0.073635117,1,0.405761317,0.405761317,0.594238683,0.594238683
2017,176,0.035253772,1,0.441015089,0.441015089,0.558984911,0.558984911
2017,177,0.021042524,1,0.462057613,0.462057613,0.537942387,0.537942387
2017,178,0.076268861,1,0.538326475,0.538326475,0.461673525,0.461673525
2017,179,0.05297668,1,0.591303155,0.591303155,0.408696845,0.408696845
2017,180,0.034266118,1,0.625569273,0.625569273,0.374430727,0.374430727
2017,181,0.037091907,1,0.66266118,0.66266118,0.33733882,0.33733882
2017,182,0.032839506,1,0.695500686,0.695500686,0.304499314,0.304499314
2017,183,0.008587106,1,0.704087791,0.704087791,0.295912209,0.295912209
2017,184,0.024334705,1,0.728422497,0.728422497,0.271577503,0.271577503
2017,185,0.034485597,1,0.762908093,0.762908093,0.237091907,0.237091907
2017,186,0.015528121,1,0.778436214,0.778436214,0.221563786,0.221563786
2017,187,0.014320988,1,0.792757202,0.792757202,0.207242798,0.207242798
2017,188,0.020521262,1,0.813278464,0.813278464,0.186721536,0.186721536
2017,189,0.019643347,1,0.832921811,0.832921811,0.167078189,0.167078189
2017,190,0.020631001,1,0.853552812,0.853552812,0.146447188,0.146447188
2017,191,0.003045267,1,0.85659808,0.85659808,0.14340192,0.14340192
2017,192,0.024855967,1,0.881454047,0.881454047,0.118545953,0.118545953
2017,193,0.018957476,1,0.900411523,0.900411523,0.099588477,0.099588477
2017,194,0.007078189,1,0.907489712,0.907489712,0.092510288,0.092510288
2017,195,0.021069959,1,0.928559671,0.928559671,0.071440329,0.071440329
2017,196,0.01399177,1,0.94255144,0.94255144,0.05744856,0.05744856
2017,197,0.004883402,1,0.947434842,0.947434842,0.052565158,0.052565158
2017,198,0,1,0.947434842,0.947434842,0.052565158,0.052565158
2017,199,0.012839506,1,0.960274348,0.960274348,0.039725652,0.039725652
2017,200,0.017091907,1,0.977366255,0.977366255,0.022633745,0.022633745
2017,201,0,1,0.977366255,0.977366255,0.022633745,0.022633745
2017,202,0,1,0.977366255,0.977366255,0.022633745,0.022633745
2017,203,0.004581619,1,0.981947874,0.981947874,0.018052126,0.018052126
2017,204,0.004773663,1,0.986721536,0.986721536,0.013278464,0.013278464
2017,205,0.00861454,1,0.995336077,0.995336077,0.004663923,0.004663923
2017,206,0,1,0.995336077,0.995336077,0.004663923,0.004663923
2017,207,0.004663923,1,1,1,0,0
2018,152,0.002251905,1,0.002251905,0.002251905,0.997748095,0.997748095
2018,153,0.002714625,1,0.00496653,0.00496653,0.99503347,0.99503347
2018,154,0.002807169,1,0.007773699,0.007773699,0.992226301,0.992226301
2018,155,0.009809668,1,0.017583367,0.017583367,0.982416633,0.982416633
2018,156,0.002051393,1,0.01963476,0.01963476,0.98036524,0.98036524
2018,157,0,1,0.01963476,0.01963476,0.98036524,0.98036524
2018,158,0.012724805,1,0.032359564,0.032359564,0.967640436,0.967640436
2018,159,0,1,0.032359564,0.032359564,0.967640436,0.967640436
2018,160,0.012246661,1,0.044606225,0.044606225,0.955393775,0.955393775
2018,161,0.013341765,1,0.05794799,0.05794799,0.94205201,0.94205201
2018,162,0.018169479,1,0.076117469,0.076117469,0.923882531,0.923882531
2018,163,0.026714378,1,0.102831847,0.102831847,0.897168153,0.897168153
2018,164,0.03700219,1,0.139834038,0.139834038,0.860165962,0.860165962
2018,165,0.033578061,1,0.173412099,0.173412099,0.826587901,0.826587901
2018,166,0.050837524,1,0.224249622,0.224249622,0.775750378,0.775750378
2018,167,0.024138569,1,0.248388191,0.248388191,0.751611809,0.751611809
2018,168,0.020452232,1,0.268840423,0.268840423,0.731159577,0.731159577
2018,169,0.022256841,1,0.291097264,0.291097264,0.708902736,0.708902736
2018,170,0.01528519,1,0.306382454,0.306382454,0.693617546,0.693617546
2018,171,0.021655304,1,0.328037758,0.328037758,0.671962242,0.671962242
2018,172,0.013094981,1,0.341132739,0.341132739,0.658867261,0.658867261
2018,173,0.020606472,1,0.361739211,0.361739211,0.638260789,0.638260789
2018,174,0.062251288,1,0.423990499,0.423990499,0.576009501,0.576009501
2018,175,0.047829842,1,0.471820341,0.471820341,0.528179659,0.528179659
2018,176,0.074266589,1,0.54608693,0.54608693,0.45391307,0.45391307
2018,177,0.050189715,1,0.596276645,0.596276645,0.403723355,0.403723355
2018,178,0.029398155,1,0.6256748,0.6256748,0.3743252,0.3743252
2018,179,0.043341457,1,0.669016257,0.669016257,0.330983743,0.330983743
2018,180,0.042678224,1,0.711694481,0.711694481,0.288305519,0.288305519
2018,181,0.029860875,1,0.741555357,0.741555357,0.258444643,0.258444643
2018,182,0.040765648,1,0.782321004,0.782321004,0.217678996,0.217678996
2018,183,0.023274825,1,0.805595829,0.805595829,0.194404171,0.194404171
2018,184,0.036107598,1,0.841703427,0.841703427,0.158296573,0.158296573
2018,185,0.019603912,1,0.861307339,0.861307339,0.138692661,0.138692661
2018,186,0.036107598,1,0.897414937,0.897414937,0.102585063,0.102585063
2018,187,0.012817349,1,0.910232286,0.910232286,0.089767714,0.089767714
2018,188,0.010426628,1,0.920658914,0.920658914,0.079341086,0.079341086
2018,189,0.008328963,1,0.928987877,0.928987877,0.071012123,0.071012123
2018,190,0.005753154,1,0.934741031,0.934741031,0.065258969,0.065258969
2018,191,0.019310855,1,0.954051886,0.954051886,0.045948114,0.045948114
2018,192,0.009084739,1,0.963136626,0.963136626,0.036863374,0.036863374
2018,193,0.003794305,1,0.966930931,0.966930931,0.033069069,0.033069069
2018,194,0.001974273,1,0.968905204,0.968905204,0.031094796,0.031094796
2018,195,0.007249283,1,0.976154487,0.976154487,0.023845513,0.023845513
2018,196,0.00573773,1,0.981892217,0.981892217,0.018107783,0.018107783
2018,197,0.004750594,1,0.986642811,0.986642811,0.013357189,0.013357189
2018,198,0.005136194,1,0.991779005,0.991779005,0.008220995,0.008220995
2018,199,0.008220995,1,1,1,0,0
2018,203,0,1,1,1,0,0
2018,204,0,1,1,1,0,0
2019,149,0,1,0,0,1,1
2019,150,0,1,0,0,1,1
2019,152,0.004743252,1,0.004743252,0.004743252,0.995256748,0.995256748
2019,153,0,1,0.004743252,0.004743252,0.995256748,0.995256748
2019,154,0.013083913,1,0.017827164,0.017827164,0.982172836,0.982172836
2019,155,0.00381059,1,0.021637754,0.021637754,0.978362246,0.978362246
2019,156,0.01221787,1,0.033855624,0.033855624,0.966144376,0.966144376
2019,157,0.016867855,1,0.050723479,0.050723479,0.949276521,0.949276521
2019,158,0.008660431,1,0.05938391,0.05938391,0.94061609,0.94061609
2019,159,0.036720228,1,0.096104138,0.096104138,0.903895862,0.903895862
2019,160,0.06298132,1,0.159085458,0.159085458,0.840914542,0.840914542
2019,161,0.020438618,1,0.179524076,0.179524076,0.820475924,0.820475924
2019,162,0.023916114,1,0.20344019,0.20344019,0.79655981,0.79655981
2019,163,0.028139739,1,0.231579929,0.231579929,0.768420071,0.768420071
2019,164,0.019465984,1,0.251045914,0.251045914,0.748954086,0.748954086
2019,165,0.030018387,1,0.2810643,0.2810643,0.7189357,0.7189357
2019,166,0.013736776,1,0.294801077,0.294801077,0.705198923,0.705198923
2019,167,0.030098329,1,0.324899406,0.324899406,0.675100594,0.675100594
2019,168,0.070829003,1,0.395728409,0.395728409,0.604271591,0.604271591
2019,169,0.043408746,1,0.439137155,0.439137155,0.560862845,0.560862845
2019,170,0.013123884,1,0.452261039,0.452261039,0.547738961,0.547738961
2019,171,0.060436486,1,0.512697524,0.512697524,0.487302476,0.487302476
2019,172,0.070349348,1,0.583046873,0.583046873,0.416953127,0.416953127
2019,173,0.060902817,1,0.64394969,0.64394969,0.35605031,0.35605031
2019,174,0.052522184,1,0.696471874,0.696471874,0.303528126,0.303528126
2019,175,0.050363738,1,0.746835612,0.746835612,0.253164388,0.253164388
2019,176,0.024982013,1,0.771817625,0.771817625,0.228182375,0.228182375
2019,177,0.035747595,1,0.80756522,0.80756522,0.19243478,0.19243478
2019,178,0.044674501,1,0.852239721,0.852239721,0.147760279,0.147760279
2019,179,0.045407307,1,0.897647027,0.897647027,0.102352973,0.102352973
2019,180,0.04157007,1,0.939217097,0.939217097,0.060782903,0.060782903
2019,181,0.033642444,1,0.972859541,0.972859541,0.027140459,0.027140459
2019,182,0.014149812,1,0.987009353,0.987009353,0.012990647,0.012990647
2019,183,0.005422762,1,0.992432116,0.992432116,0.007567884,0.007567884
2019,184,0.003557439,1,0.995989554,0.995989554,0.004010446,0.004010446
2019,185,0.004010446,1,1,1,0,0
2019,187,0,1,1,1,0,0
2020,148,0,1,0,0,1,1
2020,151,0,1,0,0,1,1
2020,152,0,1,0,0,1,1
2020,153,0.003579203,1,0.003579203,0.003579203,0.996420797,0.996420797
2020,154,0,1,0.003579203,0.003579203,0.996420797,0.996420797
2020,155,0,1,0.003579203,0.003579203,0.996420797,0.996420797
2020,156,0.002846618,1,0.00642582,0.00642582,0.99357418,0.99357418
2020,157,0,1,0.00642582,0.00642582,0.99357418,0.99357418
2020,158,0.022731078,1,0.029156899,0.029156899,0.970843101,0.970843101
2020,159,0.018168118,1,0.047325017,0.047325017,0.952674983,0.952674983
2020,160,0.014798225,1,0.062123242,0.062123242,0.937876758,0.937876758
2020,161,0.02111939,1,0.083242632,0.083242632,0.916757368,0.916757368
2020,162,0.035268754,1,0.118511386,0.118511386,0.881488614,0.881488614
2020,163,0.01490288,1,0.133414267,0.133414267,0.866585733,0.866585733
2020,164,0.017079705,1,0.150493972,0.150493972,0.849506028,0.849506028
2020,165,0.003055928,1,0.1535499,0.1535499,0.8464501,0.8464501
2020,166,0.020784494,1,0.174334394,0.174334394,0.825665606,0.825665606
2020,167,0.019947254,1,0.194281648,0.194281648,0.805718352,0.805718352
2020,168,0.024279973,1,0.218561621,0.218561621,0.781438379,0.781438379
2020,169,0.023840422,1,0.242402043,0.242402043,0.757597957,0.757597957
2020,170,0.038324682,1,0.280726725,0.280726725,0.719273275,0.719273275
2020,171,0.002721031,1,0.283447756,0.283447756,0.716552244,0.716552244
2020,172,0.038806095,1,0.322253851,0.322253851,0.677746149,0.677746149
2020,173,0.045420295,1,0.367674146,0.367674146,0.632325854,0.632325854
2020,174,0.013479571,1,0.381153717,0.381153717,0.618846283,0.618846283
2020,175,0.03104069,1,0.412194407,0.412194407,0.587805593,0.587805593
2020,176,0.012579538,1,0.424773945,0.424773945,0.575226055,0.575226055
2020,177,0.057204454,1,0.481978399,0.481978399,0.518021601,0.518021601
2020,178,0.067293202,1,0.549271601,0.549271601,0.450728399,0.450728399
2020,179,0.024300904,1,0.573572505,0.573572505,0.426427495,0.426427495
2020,180,0.017351808,1,0.590924313,0.590924313,0.409075687,0.409075687
2020,181,0.031856999,1,0.622781313,0.622781313,0.377218687,0.377218687
2020,182,0.027628935,1,0.650410248,0.650410248,0.349589752,0.349589752
2020,183,0.017268084,1,0.667678332,0.667678332,0.332321668,0.332321668
2020,184,0.023317147,1,0.690995479,0.690995479,0.309004521,0.309004521
2020,185,0.038659578,1,0.729655057,0.729655057,0.270344943,0.270344943
2020,186,0.028068486,1,0.757723543,0.757723543,0.242276457,0.242276457
2020,187,0.017058774,1,0.774782317,0.774782317,0.225217683,0.225217683
2020,188,0.028298727,1,0.803081045,0.803081045,0.196918955,0.196918955
2020,189,0.010465506,1,0.813546551,0.813546551,0.186453449,0.186453449
2020,190,0.037508372,1,0.851054923,0.851054923,0.148945077,0.148945077
2020,191,0.016514568,1,0.867569491,0.867569491,0.132430509,0.132430509
2020,192,0.010465506,1,0.878034997,0.878034997,0.121965003,0.121965003
2020,193,0.030203449,1,0.908238446,0.908238446,0.091761554,0.091761554
2020,194,0.024133456,1,0.932371902,0.932371902,0.067628098,0.067628098
2020,195,0.005337408,1,0.93770931,0.93770931,0.06229069,0.06229069
2020,196,0.018565807,1,0.956275117,0.956275117,0.043724883,0.043724883
2020,197,0.010570161,1,0.966845278,0.966845278,0.033154722,0.033154722
2020,198,0.014337743,1,0.981183021,0.981183021,0.018816979,0.018816979
2020,199,0.011679504,1,0.992862525,0.992862525,0.007137475,0.007137475
2020,200,0.003641996,1,0.996504521,0.996504521,0.003495479,0.003495479
2020,201,0.003495479,1,1,1,0,0
2020,206,0,1,1,1,0,0
2020,210,0,1,1,1,0,0
2020,211,0,1,1,1,0,0
2020,214,0,1,1,1,0,0
2021,152,0,1,0,0,1,1
2021,153,0.003350475,1,0.003350475,0.003350475,0.996649525,0.996649525
2021,154,0,1,0.003350475,0.003350475,0.996649525,0.996649525
2021,155,0.008992181,1,0.012342656,0.012342656,0.987657344,0.987657344
2021,156,0.003253662,1,0.015596318,0.015596318,0.984403682,0.984403682
2021,157,0.005176626,1,0.020772944,0.020772944,0.979227056,0.979227056
2021,158,0.005937839,1,0.026710783,0.026710783,0.973289217,0.973289217
2021,159,0.008542287,1,0.03525307,0.03525307,0.96474693,0.96474693
2021,160,0.03717983,1,0.0724329,0.0724329,0.9275671,0.9275671
2021,161,0.046331467,1,0.118764368,0.118764368,0.881235632,0.881235632
2021,162,0.022086558,1,0.140850926,0.140850926,0.859149074,0.859149074
2021,163,0.024958665,1,0.165809591,0.165809591,0.834190409,0.834190409
2021,164,0.021141212,1,0.186950802,0.186950802,0.813049198,0.813049198
2021,165,0.023398274,1,0.210349076,0.210349076,0.789650924,0.789650924
2021,166,0.014802835,1,0.22515191,0.22515191,0.77484809,0.77484809
2021,167,0.021184872,1,0.246336783,0.246336783,0.753663217,0.753663217
2021,168,0.010480437,1,0.25681722,0.25681722,0.74318278,0.74318278
2021,169,0.03653821,1,0.293355429,0.293355429,0.706644571,0.706644571
2021,170,0.027650434,1,0.321005864,0.321005864,0.678994136,0.678994136
2021,171,0.030691489,1,0.351697352,0.351697352,0.648302648,0.648302648
2021,172,0.020850774,1,0.372548126,0.372548126,0.627451874,0.627451874
2021,173,0.020241424,1,0.39278955,0.39278955,0.60721045,0.60721045
2021,174,0.048529683,1,0.441319233,0.441319233,0.558680767,0.558680767
2021,175,0.027826975,1,0.469146208,0.469146208,0.530853792,0.530853792
2021,176,0.036376855,1,0.505523063,0.505523063,0.494476937,0.494476937
2021,177,0.01249262,1,0.518015684,0.518015684,0.481984316,0.481984316
2021,178,0.038444089,1,0.556459772,0.556459772,0.443540228,0.443540228
2021,179,0.081098576,1,0.637558349,0.637558349,0.362441651,0.362441651
2021,180,0.035423916,1,0.672982264,0.672982264,0.327017736,0.327017736
2021,181,0.041447177,1,0.714429442,0.714429442,0.285570558,0.285570558
2021,182,0.046517499,1,0.760946941,0.760946941,0.239053059,0.239053059
2021,183,0.005201304,1,0.766148245,0.766148245,0.233851755,0.233851755
2021,184,0.018800625,1,0.78494887,0.78494887,0.21505113,0.21505113
2021,185,0.015603911,1,0.800552781,0.800552781,0.199447219,0.199447219
2021,186,0.012655873,1,0.813208654,0.813208654,0.186791346,0.186791346
2021,187,0.01250401,1,0.825712664,0.825712664,0.174287336,0.174287336
2021,188,0.016936508,1,0.842649172,0.842649172,0.157350828,0.157350828
2021,189,0.020435049,1,0.863084221,0.863084221,0.136915779,0.136915779
2021,190,0.019438449,1,0.88252267,0.88252267,0.11747733,0.11747733
2021,191,0.020548946,1,0.903071617,0.903071617,0.096928383,0.096928383
2021,192,0.030503558,1,0.933575175,0.933575175,0.066424825,0.066424825
2021,193,0.015173,1,0.948748175,0.948748175,0.051251825,0.051251825
2021,194,0.009442075,1,0.95819025,0.95819025,0.04180975,0.04180975
2021,195,0.013155122,1,0.971345372,0.971345372,0.028654628,0.028654628
2021,196,0.009966002,1,0.981311374,0.981311374,0.018688626,0.018688626
2021,197,0.011993371,1,0.993304745,0.993304745,0.006695255,0.006695255
2021,198,0.006695255,1,1,1,0,0
2021,204,0,1,1,1,0,0
2021,208,0,1,1,1,0,0
2022,152,0.004602419,0.966547786,0.004602419,0.004761709,0.961945367,0.995238291
2022,157,0.005439222,0.966547786,0.010041641,0.010389182,0.956506145,0.989610818
2022,158,0.014942918,0.966547786,0.024984559,0.025849274,0.941563227,0.974150726
2022,161,0.012432508,0.966547786,0.037417067,0.038712072,0.929130719,0.961287928
2022,162,0.035703612,0.966547786,0.073120679,0.075651385,0.893427107,0.924348615
2022,163,0.02488494,0.966547786,0.098005619,0.101397593,0.868542167,0.898602407
2022,164,0.017333785,0.966547786,0.115339404,0.1193313,0.851208382,0.8806687
2022,165,0.011117531,0.966547786,0.126456935,0.130833609,0.840090851,0.869166391
2022,166,0.023410572,0.966547786,0.149867507,0.155054421,0.816680279,0.844945579
2022,167,0.01085852,0.966547786,0.160726027,0.166288754,0.805821759,0.833711246
2022,168,0.010738977,0.966547786,0.171465004,0.177399407,0.795082782,0.822600593
2022,169,0.013349007,0.966547786,0.184814011,0.191210423,0.781733775,0.808789577
2022,170,0.046641828,0.966547786,0.231455839,0.239466524,0.735091947,0.760533476
2022,171,0.061823833,0.966547786,0.293279672,0.30343008,0.673268114,0.69656992
2022,172,0.090753322,0.966547786,0.384032994,0.397324374,0.582514792,0.602675626
2022,173,0.005259907,0.966547786,0.389292901,0.402766326,0.577254885,0.597233674
2022,174,0.044410352,0.966547786,0.433703253,0.44871372,0.532844533,0.55128628
2022,175,0.057221414,0.966547786,0.490924667,0.507915567,0.475623119,0.492084433
2022,176,0.041760475,0.966547786,0.532685142,0.551121372,0.433862644,0.448878628
2022,177,0.045008069,0.966547786,0.577693211,0.59768717,0.388854575,0.40231283
2022,178,0.059771672,0.966547786,0.637464883,0.659527539,0.329082903,0.340472461
2022,179,0.049112391,0.966547786,0.686577274,0.71033971,0.279970512,0.28966029
2022,180,0.051343866,0.966547786,0.73792114,0.763460587,0.228626646,0.236539413
2022,181,0.018150664,0.966547786,0.756071804,0.782239445,0.210475982,0.217760555
2022,182,0.031220737,0.966547786,0.787292541,0.814540732,0.179255245,0.185459268
2022,183,0.011516009,0.966547786,0.79880855,0.82645531,0.167739236,0.17354469
2022,184,0.009563468,0.966547786,0.808372018,0.836349769,0.158175768,0.163650231
2022,185,0.025901058,0.966547786,0.834273076,0.863147263,0.13227471,0.136852737
2022,186,0.00537945,0.966547786,0.839652526,0.868712896,0.12689526,0.131287104
2022,187,0.022015899,0.966547786,0.861668425,0.891490765,0.104879361,0.108509235
2022,188,0.00537945,0.966547786,0.867047875,0.897056398,0.099499911,0.102943602
2022,189,0.019565261,0.966547786,0.886613136,0.917298812,0.07993465,0.082701188
2022,190,0.012830986,0.966547786,0.899444122,0.930573879,0.067103664,0.069426121
2022,191,0.018250284,0.966547786,0.917694406,0.949455805,0.04885338,0.050544195
2022,192,0.010619434,0.966547786,0.92831384,0.960442777,0.038233946,0.039557223
2022,193,0.013129844,0.966547786,0.941443684,0.974027045,0.025104102,0.025972955
2022,194,0.002709649,0.966547786,0.944153333,0.976830475,0.022394453,0.023169525
2022,195,0,0.966547786,0.944153333,0.976830475,0.022394453,0.023169525
2022,196,0,0.966547786,0.944153333,0.976830475,0.022394453,0.023169525
2022,197,0,0.966547786,0.944153333,0.976830475,0.022394453,0.023169525
2022,198,0.005598613,0.966547786,0.949751946,0.982622856,0.01679584,0.017377144
2022,199,0.007092905,0.966547786,0.956844851,0.989961246,0.009702935,0.010038754
2022,200,0,0.966547786,0.956844851,0.989961246,0.009702935,0.010038754
2022,201,8.37E-04,0.966547786,0.957681654,0.990827011,0.008866132,0.009172989
2022,202,0.00332729,0.966547786,0.961008944,0.994269459,0.005538842,0.005730541
2022,203,0.005538842,0.966547786,0.966547786,1,0,0