"year","doy","mgmt_Aniak","mgmt_Big River","mgmt_E. Fork Kuskokwim","mgmt_George","mgmt_Hoholitna","mgmt_Holitna","mgmt_Holokuk","mgmt_Johnson","mgmt_Kisaralik","mgmt_Kwethluk","mgmt_Lower Kusko","mgmt_Middle Kusko Main","mgmt_N. Fork Kusko","mgmt_Oskakawlik","mgmt_S. Fork Kusko","mgmt_Stony","mgmt_Swift","mgmt_Takotna and Nixon Fork","mgmt_Tatlawiksuk","mgmt_Tuluksak","mgmt_Upper Kusko Main"
2017,158,2.27457635042146,0,0,0,0,0.449843191863798,3.38012311751516,NA,1.52737068267559,1.27149505314197,1.3892468313359,1.76715870231043,0,1.97158816663286,0,0.695939573545433,0,0,0,2.35581915343471,0
2017,161,2.46290356568651,2.31551739256294,4.02686614237294,1.52463734439147,1.57629777222919,1.78315860772985,3.38012311751516,NA,1.83102104599047,1.27149505314197,1.47383966694,2.06831896369369,2.89760539853432,2.76820930304181,2.21966270426607,1.71328234909489,2.47516377703035,0.676526459429015,2.91435540160988,3.20117455732245,2.28524993735512
2017,164,5.07279090044531,3.98305517955067,9.97038435364453,3.3586885802275,4.69293164368128,4.7654467061206,7.57157769806026,NA,6.96938193856678,3.06698764338901,6.27877728795846,6.35536192635671,5.97636991882098,6.23921321447031,4.99965840556939,5.35214080724643,4.81987815412756,4.65421958144033,4.44976722651966,7.01662180133233,4.28929498787613
2017,167,7.3597843133412,16.4582549196063,23.0806894284689,7.37359795755938,11.0494061743077,8.85151799739975,8.92390290709968,NA,9.56963947583603,6.40233273602503,11.0605905148401,10.1017983708498,20.8959693970884,8.99508385674862,13.6791614573459,11.6001415420513,14.8069078078801,10.0056518827329,15.4067850100579,9.90514507181575,12.5548045229053
2017,170,17.1763251113996,21.503868602723,23.3506108431614,19.0790574019574,21.8344650877604,19.9514195191086,15.6640088610347,NA,19.1131795224823,17.8868027041137,18.681099280402,17.7092236014637,23.4809542892549,18.5715661609461,19.763982121471,20.3229122210103,20.0750318385433,19.9185325988061,20.0300155411171,18.7783559252175,20.1748373225371
2017,173,25.9650456301336,35.6821120005337,31.798135863918,31.0773083479276,33.6725284567495,31.0642581018163,25.6980948025786,NA,26.9530913556232,25.4180877228245,28.4775839764253,27.0684820953994,36.3690521143207,29.5098568089771,34.013345207649,31.0095205609979,34.815820977333,30.7111781009667,35.3472688297225,29.7722318759333,34.1407956453613
2017,176,36.9851800048736,61.6741163954191,39.1734021737361,43.7110119259061,48.7776938128556,42.8905286345304,38.3260067336485,NA,39.9262638602104,36.8008803492957,43.2349646005655,42.7708678028742,52.5119707079113,41.3618521318481,54.6145044050037,46.999480858897,57.5384715500958,46.3177422936824,58.5507949385622,41.1674982719634,53.8103317855034
2017,179,52.0826579202184,76.4873844204801,54.0500769853677,60.348100046243,65.7533042830602,59.5279249931034,53.4572041240497,NA,55.973378692602,48.507973893141,58.6096971480154,58.1190417728976,65.3192160646662,58.1333788786326,69.9960515256008,62.7791325142343,72.2281613466891,63.1094026254492,73.4122987271232,56.8593565719621,69.6620797666286
2017,182,62.3828349036735,83.1515055970328,70.0093062142316,74.1118534295927,79.1132104073433,72.3822653980558,64.265648646994,NA,67.132009920846,63.0295711709389,69.249866245436,69.1759729839367,78.0430807076075,69.5335922225175,77.941196612902,73.6812297062988,79.5251538371014,74.1345046396273,79.2934779776821,68.4418237919104,78.5322531199727
2017,185,70.3060065323573,90.9697375016783,79.2465895405774,78.9951111584816,82.7766444251482,77.2639117610395,72.5606467973037,NA,74.730088950593,71.8432403153069,75.8942234472656,77.3105978507891,86.4564313969176,75.5451842552852,85.8222887096605,79.3121487057799,87.6728350609491,79.6201306290855,88.3805108475906,74.9623557544207,85.6417265776184
2017,188,76.4348564955864,95.3936795361044,79.4434543300795,85.0204981040923,88.6045924381916,83.5831190685958,77.39794602138,NA,79.402476226165,76.6811974815283,83.104885201405,82.5364814021116,88.6241851786685,80.7193684356467,90.8283080952821,85.6231505559801,92.3209856400126,87.1416136356067,92.5961218931041,80.1129633383068,90.5915599421266
2017,191,82.228915122521,97.7561001263582,84.0035202318223,87.9701714307573,92.4019696247318,87.927536307099,82.8416011798248,NA,84.2470883842549,81.6897263677484,87.3723763302497,86.7500727001869,91.166767496922,85.9017758198068,93.6260253149254,89.6170391060628,94.9466746746965,90.093009952267,95.6317221407849,85.7408282217984,93.6893361070447
2017,194,90.8672886545039,98.0792328562454,88.8568429171921,91.5605627958093,95.8242150247062,93.012892313864,90.1936858494698,NA,92.5524594712605,92.8468194305654,91.8805444447827,92.7233610980806,93.9040079379061,92.4055140455427,94.8717347094618,94.0620177282537,95.8071926114434,93.0234112261882,95.9858524598727,92.04817677881,95.3194817938485
2017,197,96.2375856590302,99.7599683309654,94.197644663894,95.3919802187825,97.1696541416641,96.06778878641,96.8570583725885,NA,96.8376326637258,95.9130728023025,96.909683025256,97.2357892712974,97.0763091231814,96.7372744311948,98.4141777738068,97.1979686555798,98.8873146054807,96.6014542138041,99.2075620486106,96.9107623130466,98.1501402048464
2017,200,100,100,100,100,100,100,100,NA,100,100,100,100,100,100,100,100,100,100,100,100,100
2018,152,0.729596576566102,0,0,0,0,0.163194250460744,0.598975637461908,NA,0.302588614441389,0.311644408088014,0.407122651537324,0.336444030434451,0,0.522859285765459,0,0.23494744281316,0,0,0,0.516091997206531,0
2018,155,0.8071625584296,0.219734239121048,3.98373402162812,1.71816218677932,1.36968982613362,1.44492959237927,0.598975637461908,NA,0.302588614441389,0.311644408088014,0.465684850265965,0.49757465295184,1.32290035091057,1.1119606429922,0.68465834221549,0.731585425133717,0.622307692430292,0.692742020392568,0.563521597807981,1.1130688601071,0.932721221488129
2018,158,0.8071625584296,6.7228902097588,5.65711407657307,1.71816218677932,3.11017978990159,1.48827771025194,0.598975637461908,NA,0.302588614441389,0.311644408088014,1.33652011274771,1.45436617328723,4.0511736193641,1.1119606429922,5.06167544481892,2.85726094702344,5.88552325041267,2.23160290126778,7.02991539301201,1.12670044026602,4.82689363622676
2018,161,3.03040699416619,12.3078504816931,16.8702578361706,1.71816218677932,3.18594254710529,2.21686089110361,2.78937003354248,NA,2.72249984275256,1.42060888068444,2.2832942892369,3.52174503823127,11.8800374162708,2.91082275213931,9.94356094600308,4.45739081367265,11.8094679757762,3.02694666531138,13.9021926070144,2.94500845646886,9.27307070028121
2018,164,11.2502183816765,29.1408625003226,30.5764591977791,1.77495309118282,8.63379418622984,5.99547121727338,9.58732821659684,NA,10.4358226017131,6.16815747021252,10.6682677905331,10.9859463788182,32.6970906778458,9.59900727352534,22.7677234426097,13.2711713629368,26.804606684159,7.74502026858474,30.7996244077946,10.1247452418479,20.2220045968577
2018,167,16.6926619700909,48.9387556610807,48.6239182758625,7.1557985735653,20.4836900932076,13.1482036246794,12.8882588616416,NA,16.7443598986183,14.7332374111386,23.567229970531,18.554181792432,54.8551144896533,14.0295626321084,40.1858663668129,26.0368790853805,45.4963694170893,21.2376068129736,49.7501755550873,14.7302571876308,34.8732017072575
2018,170,19.5264101421358,55.9244689120138,57.5433182684955,17.5313046847814,29.017592824472,20.8917484435931,15.1785886853256,NA,23.1251915629185,19.6738445318254,26.8313977136392,23.6814811158143,62.5556473563849,18.1614908084859,47.1788449076518,31.9217590043566,52.0106671230588,29.7439773536176,56.10714948659,18.0107384052797,42.738300144013
2018,173,23.6735933788001,61.2162123550276,59.6005006878471,22.9046921951243,33.4998131155498,25.9422531661833,18.6376128569093,NA,27.9985011603211,24.7102586766435,32.6785935676534,27.6602564255413,66.0763885722329,22.4710374864873,53.864680149222,37.432822779496,58.2120423109271,36.0538172451079,62.6133028199439,22.4148558330762,48.7138473850783
2018,176,43.8217133159649,77.5260545811187,68.6060586738101,51.3953221793744,60.0194172242176,52.5655637751579,41.0798644514398,NA,51.2638339980402,41.9293062397532,50.5346310786835,49.9427363295298,77.6743265409421,48.0179017398542,70.1579945544823,57.8611574798527,74.2154069100924,57.0495766263845,77.3341686450114,46.0488369628235,68.6194799825144
2018,179,61.0982207734604,83.2868907705385,84.1148978250554,60.1242318583156,68.1755443443512,63.6797831539747,63.5486443971614,NA,67.5410194729711,58.5055776354465,67.0080149806455,67.1609870401415,85.3785558673346,64.2662534315602,78.8081701537005,69.348908007813,81.4656759645157,68.327637611287,84.1400956275578,63.3406469222278,76.323457574858
2018,182,74.8250171297371,91.5677983419295,89.1111007303446,74.3164903328639,81.169306775831,77.1514546423277,77.1879126552695,NA,77.5762641875503,71.778139023498,78.6899237042888,78.5551423403137,93.5474513461522,77.659920489065,87.7258112811116,81.066735808636,89.8122225478455,80.0549446367768,91.850058869922,77.503185869031,86.4084916263356
2018,185,77.801485368755,97.8883062126672,90.7420772821375,88.8196749051016,92.0076403452593,86.9631186703579,79.7661922357227,NA,82.0699872700374,80.6348799334113,86.67434257395,83.8862318550865,95.5711983608142,81.859435291552,95.7945800686033,89.1110584087296,96.8682638821721,92.1156643806872,97.8674935270643,81.5979915316223,94.8178251223191
2018,188,87.8612198543902,98.3377709338562,99.9227634591752,94.7257659373608,97.0817509000652,94.3713031631159,88.1521461282296,NA,90.7387274859315,89.872938384594,91.6030288221997,90.5605393733017,99.6397849353743,90.6205897477499,97.4281184904082,94.3070227231132,97.9741741095008,95.0265048215105,98.6746737171391,90.6839235530207,97.4349071082314
2018,191,94.1820148443701,99.9453074103921,100,96.6612984907668,98.8642833103134,96.8838210541597,91.8766226888,NA,93.6542783826226,94.8206386538692,96.1878784855406,93.8869669096195,100,94.7743281091513,98.8109292594475,97.3712262147394,99.3914792809675,97.0838069208356,99.8587611919872,94.4245368800315,99.0016627824902
2018,194,97.0463374985738,99.9453074103921,100,96.6612984907668,98.8642833103134,97.45747765469,94.0611485939524,NA,95.297261013478,97.772587413085,97.5321897432501,95.2287355004052,100,96.3565561119595,98.8109292594475,98.2135030760521,99.3914792809675,97.0838069208356,99.8587611919872,96.2442286433398,99.0016627824902
2018,197,98.5653116578053,100,100,100,100,99.6340768408535,97.6435317422486,NA,98.9364524847203,99.1210982692151,99.0265333736012,98.458234069748,100,98.4393060325566,100,99.5239276162284,100,100,100,98.1486016566086,100
2018,198,100,100,100,100,100,100,100,NA,100,100,100,100,100,100,100,100,100,100,100,100,100
2019,152,0,0.336159728398673,0,1.10584139978935,0.794357539712536,0.655416217995592,0,NA,0,0,1.10890093456747,0.312149176281505,0,0.132166760129791,0.85973747003225,0.65053926807944,0.581750955678275,1.48605021315393,0.319321972355425,0.0180948745533516,0.748577460611667
2019,155,0.789117426450155,4.99763653667608,0.412187665709001,1.10584139978935,1.79842855349321,0.990261641345071,1.81804437215448,NA,1.92855707314805,0.950461651248208,2.76044673865605,2.49326876132704,3.03019287034879,0.994403735777167,3.95976083129327,2.49079952679439,4.40670440073244,2.90539746373864,4.38447851106657,0.84967890326762,3.19604307137203
2019,158,1.66428001715763,15.6276239067329,1.23594319927944,2.04911724478072,5.94271188906186,2.78966686777537,3.08503891630362,NA,4.02734012206829,1.66639517193254,6.3486719013679,5.64106443910285,8.9387592696058,2.48444275573004,11.3816646880026,7.52914342313242,13.1581174964013,6.88084262304091,14.103898719604,2.3892593951213,9.34749620718025
2019,161,10.8599573540417,34.4626844520035,20.6030223217687,6.71313302588171,15.3029072858494,9.94948665414209,11.8964617032992,NA,16.5321448339916,15.179836309663,16.3097472290725,16.3340651928636,26.043795042627,11.096655812027,26.5734653897993,19.0075649668478,30.3410243108986,15.4675953683015,32.996060252,11.2876270439919,22.6985710870051
2019,164,14.4308975011961,44.726011191813,46.5950141089544,15.5934083916486,23.8168602271625,17.5872598787042,17.359479479868,NA,21.0032140552446,18.0846745412549,21.0657760855227,22.7532221504457,47.4564845918127,17.1532395015708,35.4165611502735,26.0196465707828,39.9611451040863,22.9198142991834,42.8430099952934,17.5671873326403,32.1279133097414
2019,167,17.0437015273183,57.9364199061329,73.4574170881176,21.8341510221616,30.6485453777728,23.2622778227551,19.174455074375,NA,24.4249587604247,21.1050675601322,26.8228490045228,27.4400841013461,65.6247634504422,20.8074280390067,47.3197834994622,33.2215612443277,52.9105754965838,30.4974633314266,57.0101468637702,21.1225175742238,42.6640273690311
2019,170,29.0547097477408,69.7406249922515,82.0428828993654,31.324620837951,40.9058624086288,33.1010901998116,27.5827208771215,NA,37.9253821232926,35.8171062723692,39.2864848855102,38.5921737938375,72.9673339021069,30.4740127624011,58.9824262908312,45.3889385560435,64.5018509615417,42.6989152723776,68.2542064894427,30.1438613390386,53.2173515407178
2019,173,55.7930240560093,84.017523720041,89.3451758881746,49.3633645622473,57.1278643287906,52.4753468114824,59.1099006861203,NA,65.1320526943752,61.9079973573301,58.4032504383023,63.740476012378,84.3026148281408,55.5761600476844,74.5725636285756,63.2163615263198,79.3303824775352,58.7639968244163,83.5176935106275,56.0532164614283,69.7448618954119
2019,176,67.8458273582112,88.0485990143563,89.4373679680483,75.3522967681018,77.384645565348,73.9045897573497,73.1564487351683,NA,75.1383798907717,74.4339049772993,75.0701554267914,76.7688583411075,84.9673212961474,71.294918658783,84.7751455668333,77.7502105002959,86.4072004759958,80.0997586201361,87.5503352324481,71.412989291455,82.8667880851539
2019,179,84.0261370779721,95.541688851522,96.0450778126749,90.7259065847575,92.404877158803,90.006806139854,86.1249242408448,NA,88.1710827821839,86.2739328611529,88.7931445204555,89.3004899679525,95.8854386296701,87.1177871943473,93.8688656537123,91.3638942405558,94.5931613904365,92.2438461483032,94.8047858564272,87.2923948687763,93.0578888378632
2019,182,98.5926665402448,100,100,100,100,99.8139284680226,99.8093374528107,NA,99.1684633263134,96.4852327325125,99.7872174866458,99.708405250783,100,99.7542981452137,100,99.668600589993,100,100,100,99.7377433866171,100
2019,185,100,100,100,100,100,100,100,NA,100,100,100,100,100,100,100,100,100,100,100,100,100
2020,153,0.164466125727453,0,0,1.80544932197741,1.359574304715,1.43574533820942,0,NA,0.054132073617542,0,0.0748808992456601,0.202938067061612,0,0.748808140607548,0.188309315165813,0.56554794445485,0.108059657970471,0.683205062010187,0,0.762194872511204,0.554929860636817
2020,156,0.164466125727453,0.890200928215073,0.902811431473251,1.80544932197741,1.36496727934482,1.43574533820942,0,NA,0.054132073617542,0,0.0748808992456601,0.276465955044659,1.09107938654321,0.748808140607548,0.968807192848213,0.681461421210478,1.05870041461954,0.799522251293014,1.07748924548185,0.762194872511204,1.29481279223889
2020,159,2.27413931119116,9.03260747824324,21.4176285871602,1.80544932197741,2.62599695388312,1.94532908913274,2.45754180902423,NA,2.45184263839324,1.5096529152776,2.01272571705072,3.21576956079261,12.056081118183,2.41291398902007,8.41079057363367,3.46516665412746,9.09285071331911,2.4021340615277,11.1991886094822,2.59384909847299,7.42560695945583
2020,162,13.4942108592269,18.0372112014564,43.776783668296,2.22092400412127,4.49236086148048,4.43728784246106,11.3923109072224,NA,9.29093172784198,8.58763593723601,9.29668053306573,10.5244234731907,28.2837421729428,8.76856226261036,16.5853745828214,8.9084101576581,18.0983519496397,5.54050685829341,21.7670020033699,9.32491887072628,14.554523925703
2020,165,17.214601048143,21.3564768602879,52.3223941411133,6.0722722270507,6.91962335640646,7.46043557458414,14.7941498504661,NA,11.6808606568413,12.179422496494,12.5489202774924,13.5512788084233,33.9335582762713,12.0120154792392,20.4394865472851,11.4811034183216,21.7478091604454,8.79885541153602,25.9668992681366,12.2582344097817,18.4433795645103
2020,168,23.8211769282617,31.4580118402134,62.6056139302684,7.38578375068172,10.3832047008702,9.68613550354958,20.8961006463683,NA,16.3977142803642,20.9679465551158,19.7569213981295,19.7143705658828,42.6876410164576,16.0049003415863,29.0380196657199,17.9405260260963,31.019784610086,13.9824173417474,35.953954275809,16.4910072138117,25.486998661241
2020,171,26.663308425542,41.8832562566003,72.6963992845607,12.6724084320836,17.7751876408466,15.3850510138795,24.341463037599,NA,19.7603195285849,22.7388082490286,24.6956555578979,24.4195928671299,57.7556018270078,20.499065046124,38.5322227732094,25.0001470716767,41.3106902355535,20.5791012696936,46.181394256415,20.7138619356402,34.5894699595186
2020,174,39.2257747335066,51.1040936735311,73.6255647202895,22.8891852429624,27.931826185715,27.2654502584276,47.3101275074478,NA,42.4028326906449,34.4006898190876,32.2779023929036,43.7866795366025,64.2519255056975,37.269422122952,46.5362930029298,34.4528563840017,50.1339066147431,29.2375424381039,54.5346446809771,36.707220188645,43.7741058400263
2020,177,44.4988610355538,58.0937021860322,79.9414371176426,31.7526016960917,37.6097866421828,36.3579735702852,51.4469230408764,NA,48.9054167490764,41.7018981827927,38.1604931104591,49.4741732103215,70.1135954942571,44.5931623217028,53.5618327686578,41.9825113546947,57.3684561896717,36.2857908205088,61.7044883396159,44.0241063007079,51.491012032178
2020,180,57.0765042453526,67.378157554168,80.7688740492179,48.4130839059518,53.5345855362692,52.2192612247403,66.1339666048822,NA,61.6903521823143,48.8797172704712,54.5362322838062,63.3956701655855,74.8930486130213,60.2323067928295,63.8333310496768,56.230407286532,67.0010093449014,49.8660400045725,69.9089459524909,60.9343126378189,61.7686806116401
2020,183,64.1984560058326,77.2575484190271,89.2655293316774,49.5849483352902,59.0091812111867,55.9427503641019,76.2731044778638,NA,72.1705803234539,62.914436081677,60.9750363544127,72.7281345785425,85.4630791093508,67.522053579293,70.7643677455793,63.7896790251342,75.1723015593382,54.0623742646376,78.0688024148473,68.7044296338715,68.2225425056938
2020,186,70.3962632189478,82.8565776507121,94.1156567079907,61.4958393974678,68.2680647880595,65.2795495152407,80.4511736163233,NA,78.385530819992,72.494358484592,71.6951571866974,78.822519962542,89.8531747671999,72.8942735757654,78.5667271474291,72.6726160544153,81.4902535441544,67.4474510062524,83.2085802746365,73.8724857474733,75.7342504183462
2020,189,77.2856373275951,86.5752494265016,94.3476008190716,69.6025750229795,74.809160631962,72.0689509702103,85.5588178797647,NA,82.8115296260783,80.1804662879751,79.9202568637683,83.7515203511886,91.130756260154,78.6232742072031,83.5064120127903,79.0521488364138,85.3628489442531,75.2844118831711,86.6079720009025,79.1253500759149,80.7774225515099
2020,192,83.1843268721039,94.284742787071,95.0876940341842,82.4935504551288,85.2286685888017,82.899457274365,89.4027851272712,NA,85.2181605919035,85.8895893548543,84.5694541271506,88.6221926705899,96.3921221556234,85.962595376146,90.7522492547647,86.4814989439049,92.3642713392322,84.4812668134582,93.8776658320107,85.477144992078,89.9995401041837
2020,195,89.1318918231238,96.2045405717808,99.759765872668,95.8007379179556,94.5353546324671,93.8215680514379,94.0539503652878,NA,90.4507955001799,89.0304263523791,93.2446994436627,93.8454225277478,98.3827236606628,93.0603590037862,96.5154591309932,93.5145381497448,96.3285215741439,95.386190372839,96.8130481693051,92.6103650473051,96.2207463464055
2020,198,96.1720894278831,97.3812990899331,99.822337758941,100,99.0603268446813,99.4569148840902,98.1596787020355,NA,98.0703217851861,95.7635779761896,98.1852935559537,98.2686949809175,98.8040919275841,98.6883320697595,98.4912064537412,98.0496773938733,97.8839259130111,99.3253620874783,97.9639195320766,98.366413241671,98.6882650967338
2020,201,100,100,100,100,100,100,100,NA,100,100,100,100,100,100,100,100,100,100,100,100,100
2021,153,0.711582652168517,0,0,0,0,0.224235401127752,1.78739475137048,NA,1.73466636251119,0.699706440933296,0.0797282064080058,1.21304128122365,0,0.764904183044746,0,0.173098669476235,0,0.0775601847800157,0,0.732925895343,0
2021,156,2.31433793980047,2.63035477961841,0.173481766994159,0,0.498279575664814,0.469701806789504,2.0427805225425,NA,2.46965233582067,3.56413532964031,0.651364932775498,2.00816336858607,1.39680593193274,0.999915373259986,1.72799912593872,1.36496344836295,2.0876288292766,0.729397682109024,2.41998603082701,1.01313663858995,1.60725581281208
2021,159,2.31433793980047,8.41487532831447,2.89000866304991,0,0.897012137314345,0.469701806789504,2.0427805225425,NA,2.46965233582067,3.56413532964031,0.886305467080088,2.62160635093844,6.06520646308642,0.999915373259986,6.47810559943426,2.49245024428638,7.58965954214016,1.49263522296656,9.14162270166175,1.01644964374267,5.73194440359397
2021,162,3.85319042345223,28.3960170489331,52.0022274671929,7.13339327940763,8.6331391787609,4.67625592931621,3.97925965013828,NA,3.1079624757107,4.27955641610047,7.57904520155902,7.71078251936982,52.1020820011931,3.32098905859783,23.1782956272144,11.5651181830731,26.231392709164,11.3939847326295,28.2647237134002,3.14720730552394,20.0649100207978
2021,165,7.67946594410028,39.6375036693392,52.5998190724197,12.5702923588782,14.9304183889721,9.07616620127737,6.20794120955626,NA,6.32124305192259,7.16435695056077,12.537358523007,12.6400636218372,56.5797768541902,6.74830262556463,31.3206398144388,18.632333909467,35.3536678112569,18.2188016446017,37.3863929127912,6.26467098004589,27.7118189562316
2021,168,9.57575780321548,46.7182623688421,68.8845452652992,13.6535986053508,18.3389797767004,11.4237414204236,10.6799549789154,NA,11.0567781007802,8.93502038161106,18.6814191199855,18.0461684600259,66.457781739854,9.22066131691839,38.8338730945919,23.1932218577918,42.9004988655604,24.1532658031878,45.4917201987094,8.81098870756343,33.253081381439
2021,171,17.5891578068589,54.740367342234,80.7666315688766,25.0432587230288,27.9535313688067,21.7763433932491,17.9780689357429,NA,19.0756534364091,15.6629489973742,27.1311714115394,25.5423400754173,74.4336356181906,18.312704227943,49.2915457015961,31.3907020489425,52.690720468197,33.2223105432879,56.1322170177015,17.6554685584168,43.7384506460396
2021,174,29.4808012811341,65.9966416746621,92.3801955341333,32.6834736069389,36.1483945123799,29.8623197768528,29.313190646999,NA,29.8863708982306,24.0069472165085,37.4769857204685,36.2415338447083,83.324467207138,28.1348494053013,59.599975352444,41.3445815508523,63.2146833272219,42.4270148797043,66.8247152522285,26.8566512451118,53.1779829271946
2021,177,36.1201733010978,74.3159182567785,92.9160929533268,41.9962006903548,46.2445509108897,39.6241123347311,32.8150878700965,NA,38.3654745015862,34.8573741950356,45.4501357770455,42.5855494142886,87.5266821940005,35.8670726422541,68.1162073052599,50.4831075890945,71.4475475202625,52.5111715890656,74.6902676122164,33.4809670688448,62.2945729317455
2021,180,54.3313601936731,83.6491480209136,95.5351100813898,68.7340776177213,68.7379043475549,62.827720382719,48.586610232357,NA,50.2693663402622,50.0284780397099,67.2655430510594,58.9826668641012,90.9893270780418,54.961653012737,81.912573018911,68.7466210220235,82.8097603140155,75.6488096769693,83.6858241701329,52.4818609285291,77.751198622162
2021,183,67.7914818866394,86.336463231919,95.6777587184451,76.8527684530429,79.7070109748658,75.310175845157,66.1887484673763,NA,69.4705235191398,66.8703100647414,76.3958443527771,72.6352109086122,91.7507217196888,70.457484112569,85.1201789391446,78.9790522644396,85.9275687246224,81.5170144888953,85.7951938392208,69.5393075989897,82.6766160903152
2021,186,75.4219322572266,87.8502366947152,95.7901847274192,81.920772182202,83.9368497163223,80.9653068220712,74.2022220267605,NA,76.2412097190213,74.369209443904,81.830792801745,78.1106086623948,92.79143058512,77.4118504430701,87.3900218699983,83.3311219534866,87.6657993923525,85.5755386598968,87.4014804173604,76.7796224369825,85.8351140170864
2021,189,83.9677050297571,92.060753678944,98.1424685448866,83.7422536842939,85.9925805148431,83.721187808484,84.3247179966872,NA,83.3202966373142,82.7765821059759,88.4351308745359,84.8342712395027,95.3788558080717,83.7629264904076,90.9590606670859,87.5827646601364,91.6126125959224,88.2663179198256,91.7852865808817,83.4094741262248,89.1112530872478
2021,192,91.6767822607533,96.8015173826357,99.7735147700803,88.7105356425281,91.0253234705734,89.8247621055255,89.296591738873,NA,93.1533081743152,92.1701343217542,94.1505548402389,91.6678360293988,98.3057846250509,89.8546959099673,96.093116385835,93.5721784622338,96.4876670156915,93.4749200920672,96.8453796615315,89.3700558359198,94.0694667512286
2021,195,94.310602990759,100,100,97.3267225034176,97.7786205208072,96.6131957166086,92.3187305280879,NA,94.6435466169328,94.4591408206692,96.530413842595,95.0110064725797,100,94.743067859127,99.6782980256951,97.5268177301557,99.7954960464774,98.719269123416,100,94.0793041771577,99.0840017000663
2021,198,100,100,100,100,100,100,100,NA,100,100,100,100,100,100,100,100,100,100,100,100,100
2022,152,0,1.65406587324636,2.6427732734222,0,0,0,0,NA,0,0,0,0.111491212838694,2.45099252852304,0,1.43596310732922,0.199017091804983,1.72138746559403,0.170994701007875,1.96225120978581,0,1.22327679514879
2022,155,0,1.65406587324636,2.6427732734222,0,0,0,0,NA,0,0,0,0.111491212838694,2.45099252852304,0,1.43596310732922,0.199017091804983,1.72138746559403,0.170994701007875,1.96225120978581,0,1.22327679514879
2022,158,0.273085528390349,4.01941021681551,8.59275521018814,5.31544225399987,4.95068669939793,4.19095849020244,0,NA,0.386467820262552,0,2.14058683595453,1.04395441085896,5.68266779807305,2.01085709624183,5.04019910573175,2.97396808838768,4.77009370288339,3.99759111276464,4.83944919759179,1.75914996702334,4.93288406960187
2022,161,1.07990889044016,7.26776561237271,9.05463989373719,5.31544225399987,5.8323490047564,4.54281537849212,1.15719580169119,NA,2.37314722319517,0.800160225885607,3.61122710274467,2.82303671197562,7.90584288676417,2.63666282836278,7.16021126856499,4.4444508715548,7.34662048644471,5.19601508362697,7.64278334838929,2.51186198370971,6.70758167906895
2022,164,8.03623180785539,16.4544940724612,25.6677765391277,8.105077807226,9.00902519105947,8.15164046641044,9.86477260550821,NA,9.28652716595371,6.46799986946968,12.3634901568226,10.3913276994383,19.4250447153073,8.03836600857268,16.9821673459363,10.921967330334,17.6831166272519,11.8197096217216,18.154373654071,8.52869970227624,14.4761515691188
2022,167,12.1660784952406,22.0360442716838,39.4211374637487,13.8969630850394,14.2298657719853,13.2667613076343,13.0304200734216,NA,12.6588943088526,12.5652214110996,14.9850606484948,13.8463418866812,27.052145482186,12.123607951513,22.7726405617265,15.2913029340294,23.6946985120469,16.2431088345125,24.5571669739347,12.5826561841861,20.5564238617953
2022,170,16.3355493101509,31.7148627840401,47.5852042942142,26.2410591851631,25.3829602903139,23.0015611917065,19.4020226149073,NA,18.4873796038912,15.4779785741689,23.5015984622017,21.3268470949792,35.6882524422371,19.2993674690351,33.0961097889557,24.3950178773921,33.6145218354837,28.6590565425951,33.8863535841592,19.3136198604586,30.8301070980053
2022,173,33.6830128334356,50.5171649111556,77.0254534453148,34.0968596026559,37.71764738967,34.5288247433592,37.5338031364735,NA,36.2101894269959,33.2111340220294,41.9105989139246,38.7095917230405,55.4204339961039,33.9411294369669,50.0494965076821,41.1914966932127,51.479612308895,42.6348723841225,51.6453147497438,35.0558153899845,45.3328758948257
2022,176,40.1439730781917,65.7956521545448,79.367970191102,54.9215005458772,53.8394723552334,50.2960120081797,42.426281256217,NA,43.0352349004212,41.5690012903633,52.2042197454408,46.9320922947982,70.9003298829238,44.0751236393128,64.6668737518755,52.6851481477885,65.7984312569246,58.9837049643292,66.8288743522182,43.4866757053648,62.7733565283561
2022,179,61.1329568884861,78.087241862533,92.0696837513122,72.9056812428361,70.2321461280233,67.7228904979115,60.58304836754,NA,60.6040139569127,64.8709107386073,68.9940619511874,64.8586667219462,81.3938509125194,61.7598098999742,77.4802836073567,69.4112526217064,78.5131637219725,74.3828832940608,78.5835619713696,61.7166363311562,75.8330453818927
2022,182,74.9155580094016,87.429350188003,98.5083177862231,81.4925410771941,78.8955608731461,78.008754849048,76.4046587578329,NA,74.6026226617813,78.1592206939639,81.6725171906058,79.1595600284342,91.0555693537463,74.7322288654196,87.7072310322074,79.8974582453507,88.2182668189374,84.6311843084331,88.5626725491663,74.818175089774,85.5093157752009
2022,185,83.2907387492825,89.4976930952139,98.7185663596409,83.2941241354429,82.0454356586475,82.1160929473295,85.8188257771233,NA,84.2237526904187,89.4398124572051,85.8417723774798,86.5166227081005,92.1793665651568,81.6989417685121,89.3500927955132,84.2266494102398,89.9274269157956,86.3299788990081,90.1563761805552,81.9000332464143,87.2893938022333
2022,188,87.4261552974125,91.9656670675411,99.1122166897025,88.5736207540042,86.4977292135367,86.844145323708,90.2076921845727,NA,87.3326556710904,91.8717802197313,88.1452788536955,89.9780648200531,94.3217851852513,86.256429975053,91.6220368476283,87.5466534964591,92.1954609046907,89.012391273344,92.7560509119456,86.4959126806319,90.3044696161147
2022,191,94.653491078168,95.5663685796452,99.4205597000738,95.4152182199999,93.616131355718,94.3104766128793,96.1007984147372,NA,93.9947803002078,95.8903188389595,95.2732593815626,95.9606989098413,96.5375969375661,93.7787376830985,95.9322863225047,94.2699586760854,95.9500139142099,95.365374259011,96.1130041432257,94.0846469052318,95.041685717104
2022,194,97.0576727818861,98.8250563309617,99.870772388814,97.9018784399178,96.5309775357202,97.0330779533782,98.4138558426828,NA,97.199157544726,97.2674972650341,97.3190827806035,98.3455816076717,99.5540101525735,96.8473960131403,98.7153840611681,97.077168108888,98.8014058834314,97.7824098888916,99.1959193503889,96.9927318303447,98.190739237305
2022,197,97.0576727818861,98.8250563309617,99.870772388814,97.9018784399178,96.5309775357202,97.0330779533782,98.4138558426828,NA,97.199157544726,97.2674972650341,97.3190827806035,98.3455816076717,99.5540101525735,96.8473960131403,98.7153840611681,97.077168108888,98.8014058834314,97.7824098888916,99.1959193503889,96.9927318303447,98.190739237305
2022,200,98.1295998795208,98.8250563309617,99.870772388814,100,99.4891247189452,99.5830848340447,98.4773416674653,NA,99.4389384993363,98.9673036646144,98.3795684462323,98.9576658888958,99.5540101525735,98.75859127465,99.3489373565716,98.8326815531754,99.1737807224902,99.5354104944173,99.1959193503889,98.723870461377,99.424337698358
2022,203,100,100,100,100,100,100,100,NA,100,100,100,100,100,100,100,100,100,100,100,100,100
